espn_id,displayName,shortDisplayName,name,abbreviation,location,slug,color,logo_default,logo_dark
315,Abilene Christian Wildcats,Abilene Chrstn,Wildcats,ACU,Abilene Christian,abilene-christian-wildcats,000000,https://a.espncdn.com/i/teamlogos/ncaa/500/2000.png,https://a.espncdn.com/i/teamlogos/ncaa/500-dark/2000.png
155,Air Force Falcons,Air Force,Falcons,AFA,Air Force,air-force-falcons,004A7B,https://a.espncdn.com/i/teamlogos/ncaa/500/2005.png,https://a.espncdn.com/i/teamlogos/ncaa/500-dark/2005.png
316,Akron Zips,Akron,Zips,AKR,Akron,akron-zips,0A1E5B,https://a.espncdn.com/i/teamlogos/ncaa/500/2006.png,https://a.espncdn.com/i/teamlogos/ncaa/500-dark/2006.png
317,Alabama A&M Bulldogs,Alabama A&M,Bulldogs,AAMU,Alabama A&M,alabama-am-bulldogs,790000,https://a.espncdn.com/i/teamlogos/ncaa/500/2010.png,https://a.espncdn.com/i/teamlogos/ncaa/500-dark/2010.png
148,Alabama Crimson Tide,Alabama,Crimson Tide,ALA,Alabama,alabama-crimson-tide,A42D47,https://a.espncdn.com/i/teamlogos/ncaa/500/333.png,https://a.espncdn.com/i/teamlogos/ncaa/500-dark/333.png
318,Alabama State Hornets,Alabama St,Hornets,ALST,Alabama State,alabama-state-hornets,603913,https://a.espncdn.com/i/teamlogos/ncaa/500/2011.png,https://a.espncdn.com/i/teamlogos/ncaa/500-dark/2011.png
260,Alcorn State Braves,Alcorn St,Braves,ALCN,Alcorn State,alcorn-state-braves,C1B881,https://a.espncdn.com/i/teamlogos/ncaa/500/2016.png,https://a.espncdn.com/i/teamlogos/ncaa/500-dark/2016.png
821,Alma Scots,ALMA,Scots,ALMA,Alma,alma-scots,,https://a.espncdn.com/i/teamlogos/ncaa/500/2800.png,https://a.espncdn.com/i/teamlogos/ncaa/500-dark/2800.png
319,American University Eagles,American,Eagles,AMER,American University,american-university-eagles,c41130,https://a.espncdn.com/i/teamlogos/ncaa/500/44.png,https://a.espncdn.com/i/teamlogos/ncaa/500-dark/44.png
822,Anderson (IN) Ravens,Anderson IND,Ravens,ANDC,Anderson (IN),anderson-in-ravens,,https://a.espncdn.com/i/teamlogos/ncaa/500/2023.png,https://a.espncdn.com/i/teamlogos/ncaa/500-dark/2023.png
271,App State Mountaineers,App State,Mountaineers,APP,App State,app-state-mountaineers,000000,https://a.espncdn.com/i/teamlogos/ncaa/500/2026.png,https://a.espncdn.com/i/teamlogos/ncaa/500-dark/2026.png
59,Arizona State Sun Devils,Arizona St,Sun Devils,ASU,Arizona State,arizona-state-sun-devils,942139,https://a.espncdn.com/i/teamlogos/ncaa/500/9.png,https://a.espncdn.com/i/teamlogos/ncaa/500-dark/9.png
60,Arizona Wildcats,Arizona,Wildcats,ARIZ,Arizona,arizona-wildcats,102142,https://a.espncdn.com/i/teamlogos/ncaa/500/12.png,https://a.espncdn.com/i/teamlogos/ncaa/500-dark/12.png
58,Arkansas Razorbacks,Arkansas,Razorbacks,ARK,Arkansas,arkansas-razorbacks,9C1831,https://a.espncdn.com/i/teamlogos/ncaa/500/8.png,https://a.espncdn.com/i/teamlogos/ncaa/500-dark/8.png
320,Arkansas State Red Wolves,Arkansas St,Red Wolves,ARST,Arkansas State,arkansas-state-red-wolves,e81018,https://a.espncdn.com/i/teamlogos/ncaa/500/2032.png,https://a.espncdn.com/i/teamlogos/ncaa/500-dark/2032.png
321,Arkansas-Pine Bluff Golden Lions,AR-Pine Bluff,Golden Lions,UAPB,Arkansas-Pine Bluff,arkansas-pine-bluff-golden-lions,000000,https://a.espncdn.com/i/teamlogos/ncaa/500/2029.png,https://a.espncdn.com/i/teamlogos/ncaa/500-dark/2029.png
151,Army Black Knights,Army,Black Knights,ARMY,Army,army-black-knights,CE9C00,https://a.espncdn.com/i/teamlogos/ncaa/500/349.png,https://a.espncdn.com/i/teamlogos/ncaa/500-dark/349.png
55,Auburn Tigers,Auburn,Tigers,AUB,Auburn,auburn-tigers,182942,https://a.espncdn.com/i/teamlogos/ncaa/500/2.png,https://a.espncdn.com/i/teamlogos/ncaa/500-dark/2.png
129701,Augustana College (Il) Vikings,Augustana Coll,Vikings,AUG,Augustana College (Il),augustana-college-il-vikings,,https://a.espncdn.com/i/teamlogos/ncaa/500/2042.png,https://a.espncdn.com/i/teamlogos/ncaa/500-dark/2042.png
129702,Aurora Spartans,Aurora,Spartans,AUR,Aurora,aurora-spartans,,https://a.espncdn.com/i/teamlogos/ncaa/500/2044.png,https://a.espncdn.com/i/teamlogos/ncaa/500-dark/2044.png
156,Austin Peay Governors,Austin Peay,Governors,APSU,Austin Peay,austin-peay-governors,8E0B0B,https://a.espncdn.com/i/teamlogos/ncaa/500/2046.png,https://a.espncdn.com/i/teamlogos/ncaa/500-dark/2046.png
127,BYU Cougars,BYU,Cougars,BYU,BYU,byu-cougars,002942,https://a.espncdn.com/i/teamlogos/ncaa/500/252.png,https://a.espncdn.com/i/teamlogos/ncaa/500-dark/252.png
824,Baker University,Baker University,,BAKE,Baker University,,,,
157,Ball State Cardinals,Ball State,Cardinals,BALL,Ball State,ball-state-cardinals,DE0000,https://a.espncdn.com/i/teamlogos/ncaa/500/2050.png,https://a.espncdn.com/i/teamlogos/ncaa/500-dark/2050.png
825,Barry Buccaneers,BARRY,Buccaneers,BAR,Barry,barry-buccaneers,,,
121,Baylor Bears,Baylor,Bears,BAY,Baylor,baylor-bears,00844A,https://a.espncdn.com/i/teamlogos/ncaa/500/239.png,https://a.espncdn.com/i/teamlogos/ncaa/500-dark/239.png
833,Bears,LENRHYNE,Bears,LEN,,bears,,https://a.espncdn.com/i/teamlogos/ncaa/500/2331.png,https://a.espncdn.com/i/teamlogos/ncaa/500-dark/2331.png
1143,Bellarmine Knights,Bellarmine,Knights,BELL,Bellarmine,bellarmine-knights,,https://a.espncdn.com/i/teamlogos/ncaa/500/91.png,https://a.espncdn.com/i/teamlogos/ncaa/500-dark/91.png
262,Belmont Bruins,Belmont,Bruins,BEL,Belmont,belmont-bruins,182142,https://a.espncdn.com/i/teamlogos/ncaa/500/2057.png,https://a.espncdn.com/i/teamlogos/ncaa/500-dark/2057.png
826,Bethany (KS) BETHANY (KS),BETHANYKS,BETHANY (KS),BYKS,Bethany (KS),bethany-ks-bethany-ks,,,
158,Bethune-Cookman Wildcats,Bethune,Wildcats,BCU,Bethune-Cookman,bethune-cookman-wildcats,7B1831,https://a.espncdn.com/i/teamlogos/ncaa/500/2065.png,https://a.espncdn.com/i/teamlogos/ncaa/500-dark/2065.png
292,Binghamton Bearcats,Binghamton,Bearcats,BING,Binghamton,binghamton-bearcats,000000,https://a.espncdn.com/i/teamlogos/ncaa/500/2066.png,https://a.espncdn.com/i/teamlogos/ncaa/500-dark/2066.png
56,Birmingham Southern Panthers,Birmingham-So.,Panthers,BSC,Birmingham Southern,birmingham-southern-panthers,000000,https://a.espncdn.com/i/teamlogos/ncaa/500/3.png,https://a.espncdn.com/i/teamlogos/ncaa/500-dark/3.png
322,Boise State Broncos,Boise St,Broncos,BOIS,Boise State,boise-state-broncos,29299c,https://a.espncdn.com/i/teamlogos/ncaa/500/68.png,https://a.espncdn.com/i/teamlogos/ncaa/500-dark/68.png
1139,Boise State Broncos,Boise St,Broncos,BOIS,Boise State,boise-state-broncos,,https://a.espncdn.com/i/teamlogos/ncaa/500/68.png,https://a.espncdn.com/i/teamlogos/ncaa/500-dark/68.png
86,Boston College Eagles,Boston College,Eagles,BC,Boston College,boston-college-eagles,111111,https://a.espncdn.com/i/teamlogos/ncaa/500/103.png,https://a.espncdn.com/i/teamlogos/ncaa/500-dark/103.png
323,Boston University Terriers,Boston U,Terriers,BU,Boston University,boston-university-terriers,cc0000,https://a.espncdn.com/i/teamlogos/ncaa/500/104.png,https://a.espncdn.com/i/teamlogos/ncaa/500-dark/104.png
106,Bowling Green Falcons,Bowling Green,Falcons,BGSU,Bowling Green,bowling-green-falcons,663300,https://a.espncdn.com/i/teamlogos/ncaa/500/189.png,https://a.espncdn.com/i/teamlogos/ncaa/500-dark/189.png
324,Bradley Braves,Bradley,Braves,BRAD,Bradley,bradley-braves,b70002,https://a.espncdn.com/i/teamlogos/ncaa/500/71.png,https://a.espncdn.com/i/teamlogos/ncaa/500-dark/71.png
827,Broncos,CALPOLYPOM,Broncos,CPP,,broncos,,,
116,Brown Bears,Brown,Bears,BRWN,Brown,brown-bears,54413A,https://a.espncdn.com/i/teamlogos/ncaa/500/225.png,https://a.espncdn.com/i/teamlogos/ncaa/500-dark/225.png
299,Bryant Bulldogs,Bryant,Bulldogs,BRY,Bryant,bryant-bulldogs,000000,https://a.espncdn.com/i/teamlogos/ncaa/500/2803.png,https://a.espncdn.com/i/teamlogos/ncaa/500-dark/2803.png
313,Bucknell Bison,Bucknell,Bison,BUCK,Bucknell,bucknell-bison,,https://a.espncdn.com/i/teamlogos/ncaa/500/2083.png,https://a.espncdn.com/i/teamlogos/ncaa/500-dark/2083.png
325,Buffalo Bulls,Buffalo,Bulls,BUF,Buffalo,buffalo-bulls,004a84,https://a.espncdn.com/i/teamlogos/ncaa/500/2084.png,https://a.espncdn.com/i/teamlogos/ncaa/500-dark/2084.png
326,Butler Bulldogs,Butler,Bulldogs,BUT,Butler,butler-bulldogs,0d1361,https://a.espncdn.com/i/teamlogos/ncaa/500/2086.png,https://a.espncdn.com/i/teamlogos/ncaa/500-dark/2086.png
1280,CLCC Clcc,CLCC,Clcc,COP,CLCC,clcc-clcc,,,
1281,COSN Coyotes,COSN,Coyotes,SOU,COSN,cosn-coyotes,,,
61,Cal Poly Mustangs,Cal Poly,Mustangs,CP,Cal Poly,cal-poly-mustangs,083808,https://a.espncdn.com/i/teamlogos/ncaa/500/13.png,https://a.espncdn.com/i/teamlogos/ncaa/500-dark/13.png
327,Cal State Bakersfield Roadrunners,Bakersfield,Roadrunners,CSUB,Cal State Bakersfield,cal-state-bakersfield-roadrunners,003BAB,https://a.espncdn.com/i/teamlogos/ncaa/500/2934.png,https://a.espncdn.com/i/teamlogos/ncaa/500-dark/2934.png
165,Cal State Fullerton Titans,Fullerton,Titans,CSUF,Cal State Fullerton,cal-state-fullerton-titans,10219C,https://a.espncdn.com/i/teamlogos/ncaa/500/2239.png,https://a.espncdn.com/i/teamlogos/ncaa/500-dark/2239.png
185,Cal State Northridge Matadors,CSU Northridge,Matadors,CSUN,Cal State Northridge,cal-state-northridge-matadors,B50000,https://a.espncdn.com/i/teamlogos/ncaa/500/2463.png,https://a.espncdn.com/i/teamlogos/ncaa/500-dark/2463.png
1105,California Baptist Lancers,CA Baptist,Lancers,CBU,California Baptist,california-baptist-lancers,000000,https://a.espncdn.com/i/teamlogos/ncaa/500/2856.png,https://a.espncdn.com/i/teamlogos/ncaa/500-dark/2856.png
65,California Golden Bears,California,Golden Bears,CAL,California,california-golden-bears,002942,https://a.espncdn.com/i/teamlogos/ncaa/500/25.png,https://a.espncdn.com/i/teamlogos/ncaa/500-dark/25.png
293,Campbell Fighting Camels,Campbell,Fighting Camels,CAM,Campbell,campbell-fighting-camels,000000,https://a.espncdn.com/i/teamlogos/ncaa/500/2097.png,https://a.espncdn.com/i/teamlogos/ncaa/500-dark/2097.png
298,Canisius Golden Griffins,Canisius,Golden Griffins,CAN,Canisius,canisius-golden-griffins,000000,https://a.espncdn.com/i/teamlogos/ncaa/500/2099.png,https://a.espncdn.com/i/teamlogos/ncaa/500-dark/2099.png
828,Centenary Gentlemen,CENTENARY,Gentlemen,CENT,Centenary,centenary-gentlemen,,https://a.espncdn.com/i/teamlogos/ncaa/500/2113.png,https://a.espncdn.com/i/teamlogos/ncaa/500-dark/2113.png
306,Central Arkansas Bears,C Arkansas,Bears,CARK,Central Arkansas,central-arkansas-bears,000000,https://a.espncdn.com/i/teamlogos/ncaa/500/2110.png,https://a.espncdn.com/i/teamlogos/ncaa/500-dark/2110.png
159,Central Connecticut Blue Devils,C Connecticut,Blue Devils,CCSU,Central Connecticut,central-connecticut-blue-devils,1E489C,https://a.espncdn.com/i/teamlogos/ncaa/500/2115.png,https://a.espncdn.com/i/teamlogos/ncaa/500-dark/2115.png
328,Central Michigan Chippewas,C Michigan,Chippewas,CMU,Central Michigan,central-michigan-chippewas,7b0000,https://a.espncdn.com/i/teamlogos/ncaa/500/2117.png,https://a.espncdn.com/i/teamlogos/ncaa/500-dark/2117.png
829,Central Missouri State Mules,CENTMISSOU,Mules,CAO,Central Missouri State,central-missouri-state-mules,,https://a.espncdn.com/i/teamlogos/ncaa/500/2118.png,https://a.espncdn.com/i/teamlogos/ncaa/500-dark/2118.png
836,Chaparrals,LUBBCHRIST,Chaparrals,LUC,,chaparrals,,,
118,Charleston Cougars,Charleston,Cougars,COFC,Charleston,charleston-cougars,9C8456,https://a.espncdn.com/i/teamlogos/ncaa/500/232.png,https://a.espncdn.com/i/teamlogos/ncaa/500-dark/232.png
329,Charleston Southern Buccaneers,Charleston So,Buccaneers,CHSO,Charleston Southern,charleston-southern-buccaneers,2e3192,https://a.espncdn.com/i/teamlogos/ncaa/500/2127.png,https://a.espncdn.com/i/teamlogos/ncaa/500-dark/2127.png
180,Charlotte 49ers,Charlotte,49ers,CLT,Charlotte,charlotte-49ers,0C562D,https://a.espncdn.com/i/teamlogos/ncaa/500/2429.png,https://a.espncdn.com/i/teamlogos/ncaa/500-dark/2429.png
330,Chattanooga Mocs,Chattanooga,Mocs,UTC,Chattanooga,chattanooga-mocs,253b81,https://a.espncdn.com/i/teamlogos/ncaa/500/236.png,https://a.espncdn.com/i/teamlogos/ncaa/500-dark/236.png
331,Chicago St Cougars,Chicago St,Cougars,CHST,Chicago St,chicago-st-cougars,006700,https://a.espncdn.com/i/teamlogos/ncaa/500/2130.png,https://a.espncdn.com/i/teamlogos/ncaa/500-dark/2130.png
161,Cincinnati Bearcats,Cincinnati,Bearcats,CIN,Cincinnati,cincinnati-bearcats,000000,https://a.espncdn.com/i/teamlogos/ncaa/500/2132.png,https://a.espncdn.com/i/teamlogos/ncaa/500-dark/2132.png
117,Clemson Tigers,Clemson,Tigers,CLEM,Clemson,clemson-tigers,F35B0F,https://a.espncdn.com/i/teamlogos/ncaa/500/228.png,https://a.espncdn.com/i/teamlogos/ncaa/500-dark/228.png
332,Cleveland State Vikings,Cleveland St,Vikings,CLE,Cleveland State,cleveland-state-vikings,006633,https://a.espncdn.com/i/teamlogos/ncaa/500/325.png,https://a.espncdn.com/i/teamlogos/ncaa/500-dark/325.png
146,Coastal Carolina Chanticleers,Coastal,Chanticleers,CCU,Coastal Carolina,coastal-carolina-chanticleers,59A0A0,https://a.espncdn.com/i/teamlogos/ncaa/500/324.png,https://a.espncdn.com/i/teamlogos/ncaa/500-dark/324.png
1248,Coe College Kohawks,Coe College,Kohawks,COE,Coe College,coe-college-kohawks,,https://a.espncdn.com/i/teamlogos/ncaa/500/2141.png,https://a.espncdn.com/i/teamlogos/ncaa/500-dark/2141.png
333,Colgate Raiders,Colgate,Raiders,COLG,Colgate,colgate-raiders,910028,https://a.espncdn.com/i/teamlogos/ncaa/500/2142.png,https://a.espncdn.com/i/teamlogos/ncaa/500-dark/2142.png
334,Colorado Buffaloes,Colorado,Buffaloes,COLO,Colorado,colorado-buffaloes,d1c57e,https://a.espncdn.com/i/teamlogos/ncaa/500/38.png,https://a.espncdn.com/i/teamlogos/ncaa/500-dark/38.png
335,Colorado State Rams,Colorado St,Rams,CSU,Colorado State,colorado-state-rams,008c73,https://a.espncdn.com/i/teamlogos/ncaa/500/36.png,https://a.espncdn.com/i/teamlogos/ncaa/500-dark/36.png
284,Columbia Lions,Columbia,Lions,COLU,Columbia,columbia-lions,000000,https://a.espncdn.com/i/teamlogos/ncaa/500/171.png,https://a.espncdn.com/i/teamlogos/ncaa/500-dark/171.png
162,Coppin State Eagles,Coppin St,Eagles,COPP,Coppin State,coppin-state-eagles,2E3192,https://a.espncdn.com/i/teamlogos/ncaa/500/2154.png,https://a.espncdn.com/i/teamlogos/ncaa/500-dark/2154.png
336,Cornell Big Red,Cornell,Big Red,COR,Cornell,cornell-big-red,d60027,https://a.espncdn.com/i/teamlogos/ncaa/500/172.png,https://a.espncdn.com/i/teamlogos/ncaa/500-dark/172.png
98,Creighton Bluejays,Creighton,Bluejays,CREI,Creighton,creighton-bluejays,13299E,https://a.espncdn.com/i/teamlogos/ncaa/500/156.png,https://a.espncdn.com/i/teamlogos/ncaa/500-dark/156.png
263,Dallas Baptist Patriots,Dallas Baptist,Patriots,DBU,Dallas Baptist,dallas-baptist-patriots,,https://a.espncdn.com/i/teamlogos/ncaa/500/2164.png,https://a.espncdn.com/i/teamlogos/ncaa/500-dark/2164.png
100,Dartmouth Big Green,Dartmouth,Big Green,DART,Dartmouth,dartmouth-big-green,005730,https://a.espncdn.com/i/teamlogos/ncaa/500/159.png,https://a.espncdn.com/i/teamlogos/ncaa/500-dark/159.png
337,Davidson Wildcats,Davidson,Wildcats,DAV,Davidson,davidson-wildcats,000000,https://a.espncdn.com/i/teamlogos/ncaa/500/2166.png,https://a.espncdn.com/i/teamlogos/ncaa/500-dark/2166.png
338,Dayton Flyers,Dayton,Flyers,DAY,Dayton,dayton-flyers,e50b0d,https://a.espncdn.com/i/teamlogos/ncaa/500/2168.png,https://a.espncdn.com/i/teamlogos/ncaa/500-dark/2168.png
342,DePaul Blue Demons,DePaul,Blue Demons,DEP,DePaul,depaul-blue-demons,2d649c,https://a.espncdn.com/i/teamlogos/ncaa/500/305.png,https://a.espncdn.com/i/teamlogos/ncaa/500-dark/305.png
1286,DePauw Tigers,DePauw Univers,Tigers,DEP,DePauw,depauw-tigers,,https://a.espncdn.com/i/teamlogos/ncaa/500/83.png,https://a.espncdn.com/i/teamlogos/ncaa/500-dark/83.png
339,Delaware Blue Hens,Delaware,Blue Hens,DEL,Delaware,delaware-blue-hens,285998,https://a.espncdn.com/i/teamlogos/ncaa/500/48.png,https://a.espncdn.com/i/teamlogos/ncaa/500-dark/48.png
340,Delaware State Hornets,Delaware St,Hornets,DSU,Delaware State,delaware-state-hornets,FF3630,https://a.espncdn.com/i/teamlogos/ncaa/500/2169.png,https://a.espncdn.com/i/teamlogos/ncaa/500-dark/2169.png
341,Denver Pioneers,Denver,Pioneers,DEN,Denver,denver-pioneers,9c143d,https://a.espncdn.com/i/teamlogos/ncaa/500/2172.png,https://a.espncdn.com/i/teamlogos/ncaa/500-dark/2172.png
343,Detroit Mercy Titans,Detroit Mercy,Titans,DETM,Detroit Mercy,detroit-mercy-titans,165b9e,https://a.espncdn.com/i/teamlogos/ncaa/500/2174.png,https://a.espncdn.com/i/teamlogos/ncaa/500-dark/2174.png
344,Drake Bulldogs,Drake,Bulldogs,DRKE,Drake,drake-bulldogs,0d1361,https://a.espncdn.com/i/teamlogos/ncaa/500/2181.png,https://a.espncdn.com/i/teamlogos/ncaa/500-dark/2181.png
345,Drexel Dragons,Drexel,Dragons,DREX,Drexel,drexel-dragons,020260,https://a.espncdn.com/i/teamlogos/ncaa/500/2182.png,https://a.espncdn.com/i/teamlogos/ncaa/500-dark/2182.png
93,Duke Blue Devils,Duke,Blue Devils,DUKE,Duke,duke-blue-devils,004A7B,https://a.espncdn.com/i/teamlogos/ncaa/500/150.png,https://a.espncdn.com/i/teamlogos/ncaa/500-dark/150.png
346,Duquesne Dukes,Duquesne,Dukes,DUQ,Duquesne,duquesne-dukes,283a61,https://a.espncdn.com/i/teamlogos/ncaa/500/2184.png,https://a.espncdn.com/i/teamlogos/ncaa/500-dark/2184.png
94,East Carolina Pirates,East Carolina,Pirates,ECU,East Carolina,east-carolina-pirates,4B1869,https://a.espncdn.com/i/teamlogos/ncaa/500/151.png,https://a.espncdn.com/i/teamlogos/ncaa/500-dark/151.png
304,East Tennessee State Buccaneers,ETSU,Buccaneers,ETSU,East Tennessee State,east-tennessee-state-buccaneers,000000,https://a.espncdn.com/i/teamlogos/ncaa/500/2193.png,https://a.espncdn.com/i/teamlogos/ncaa/500-dark/2193.png
347,Eastern Illinois Panthers,E Illinois,Panthers,EIU,Eastern Illinois,eastern-illinois-panthers,000000,https://a.espncdn.com/i/teamlogos/ncaa/500/2197.png,https://a.espncdn.com/i/teamlogos/ncaa/500-dark/2197.png
348,Eastern Kentucky Colonels,E Kentucky,Colonels,EKU,Eastern Kentucky,eastern-kentucky-colonels,800000,https://a.espncdn.com/i/teamlogos/ncaa/500/2198.png,https://a.espncdn.com/i/teamlogos/ncaa/500-dark/2198.png
349,Eastern Michigan Eagles,E Michigan,Eagles,EMU,Eastern Michigan,eastern-michigan-eagles,217038,https://a.espncdn.com/i/teamlogos/ncaa/500/2199.png,https://a.espncdn.com/i/teamlogos/ncaa/500-dark/2199.png
350,Eastern Washington Eagles,E Washington,Eagles,EWU,Eastern Washington,eastern-washington-eagles,d72d35,https://a.espncdn.com/i/teamlogos/ncaa/500/331.png,https://a.espncdn.com/i/teamlogos/ncaa/500-dark/331.png
303,Elon Phoenix,Elon,Phoenix,ELON,Elon,elon-phoenix,000000,https://a.espncdn.com/i/teamlogos/ncaa/500/2210.png,https://a.espncdn.com/i/teamlogos/ncaa/500-dark/2210.png
830,Emporia St Hornets,EMPORIAST,Hornets,EMP,Emporia St,emporia-st-hornets,,https://a.espncdn.com/i/teamlogos/ncaa/500/2214.png,https://a.espncdn.com/i/teamlogos/ncaa/500-dark/2214.png
149,Evansville Purple Aces,Evansville,Purple Aces,EVAN,Evansville,evansville-purple-aces,663399,https://a.espncdn.com/i/teamlogos/ncaa/500/339.png,https://a.espncdn.com/i/teamlogos/ncaa/500-dark/339.png
1282,FDTC Fdtc,FDTC,Fdtc,FLO,FDTC,fdtc-fdtc,,,
831,FLORENCE Patriots,FRANCISMAR,Patriots,FRN,FLORENCE,florence-patriots,,,
351,Fairfield Stags,Fairfield,Stags,FAIR,Fairfield,fairfield-stags,000000,https://a.espncdn.com/i/teamlogos/ncaa/500/2217.png,https://a.espncdn.com/i/teamlogos/ncaa/500-dark/2217.png
352,Fairleigh Dickinson Knights,FDU,Knights,FDU,Fairleigh Dickinson,fairleigh-dickinson-knights,00449C,https://a.espncdn.com/i/teamlogos/ncaa/500/161.png,https://a.espncdn.com/i/teamlogos/ncaa/500-dark/161.png
353,Florida A&M Rattlers,Florida A&M,Rattlers,FAMU,Florida A&M,florida-am-rattlers,ff7329,https://a.espncdn.com/i/teamlogos/ncaa/500/50.png,https://a.espncdn.com/i/teamlogos/ncaa/500-dark/50.png
163,Florida Atlantic Owls,FAU,Owls,FAU,Florida Atlantic,florida-atlantic-owls,000099,https://a.espncdn.com/i/teamlogos/ncaa/500/2226.png,https://a.espncdn.com/i/teamlogos/ncaa/500-dark/2226.png
75,Florida Gators,Florida,Gators,FLA,Florida,florida-gators,2A42CE,https://a.espncdn.com/i/teamlogos/ncaa/500/57.png,https://a.espncdn.com/i/teamlogos/ncaa/500-dark/57.png
291,Florida Gulf Coast Eagles,FGCU,Eagles,FGCU,Florida Gulf Coast,florida-gulf-coast-eagles,000000,https://a.espncdn.com/i/teamlogos/ncaa/500/526.png,https://a.espncdn.com/i/teamlogos/ncaa/500-dark/526.png
164,Florida International Panthers,FIU,Panthers,FIU,Florida International,florida-international-panthers,091731,https://a.espncdn.com/i/teamlogos/ncaa/500/2229.png,https://a.espncdn.com/i/teamlogos/ncaa/500-dark/2229.png
1274,Florida Southern Moccasins,FLASOU,Moccasins,FSC,Florida Southern,florida-southern-moccasins,,,
72,Florida State Seminoles,Florida St,Seminoles,FSU,Florida State,florida-state-seminoles,B72931,https://a.espncdn.com/i/teamlogos/ncaa/500/52.png,https://a.espncdn.com/i/teamlogos/ncaa/500-dark/52.png
354,Fordham Rams,Fordham,Rams,FOR,Fordham,fordham-rams,a50019,https://a.espncdn.com/i/teamlogos/ncaa/500/2230.png,https://a.espncdn.com/i/teamlogos/ncaa/500-dark/2230.png
935,Fort Lauderdale Sharks,NOVASE,Sharks,NOV,Fort Lauderdale,fort-lauderdale-sharks,,,
137,Fresno State Bulldogs,Fresno St,Bulldogs,FRES,Fresno State,fresno-state-bulldogs,E73139,https://a.espncdn.com/i/teamlogos/ncaa/500/278.png,https://a.espncdn.com/i/teamlogos/ncaa/500-dark/278.png
355,Furman Paladins,Furman,Paladins,FUR,Furman,furman-paladins,4A2184,https://a.espncdn.com/i/teamlogos/ncaa/500/231.png,https://a.espncdn.com/i/teamlogos/ncaa/500-dark/231.png
356,Gardner-Webb Runnin' Bulldogs,Gardner-Webb,Runnin' Bulldogs,GWEB,Gardner-Webb,gardner-webb-runnin-bulldogs,CF0000,https://a.espncdn.com/i/teamlogos/ncaa/500/2241.png,https://a.espncdn.com/i/teamlogos/ncaa/500-dark/2241.png
166,George Mason Patriots,George Mason,Patriots,GMU,George Mason,george-mason-patriots,016600,https://a.espncdn.com/i/teamlogos/ncaa/500/2244.png,https://a.espncdn.com/i/teamlogos/ncaa/500-dark/2244.png
71,George Washington Revolutionaries,G Washington,Revolutionaries,GW,George Washington,george-washington-revolutionaries,002843,https://a.espncdn.com/i/teamlogos/ncaa/500/45.png,https://a.espncdn.com/i/teamlogos/ncaa/500-dark/45.png
357,Georgetown Hoyas,Georgetown,Hoyas,GTWN,Georgetown,georgetown-hoyas,38427a,https://a.espncdn.com/i/teamlogos/ncaa/500/46.png,https://a.espncdn.com/i/teamlogos/ncaa/500-dark/46.png
78,Georgia Bulldogs,Georgia,Bulldogs,UGA,Georgia,georgia-bulldogs,D60022,https://a.espncdn.com/i/teamlogos/ncaa/500/61.png,https://a.espncdn.com/i/teamlogos/ncaa/500-dark/61.png
138,Georgia Southern Eagles,GA Southern,Eagles,GASO,Georgia Southern,georgia-southern-eagles,0A3861,https://a.espncdn.com/i/teamlogos/ncaa/500/290.png,https://a.espncdn.com/i/teamlogos/ncaa/500-dark/290.png
358,Georgia State Panthers,Georgia St,Panthers,GAST,Georgia State,georgia-state-panthers,1e539a,https://a.espncdn.com/i/teamlogos/ncaa/500/2247.png,https://a.espncdn.com/i/teamlogos/ncaa/500-dark/2247.png
77,Georgia Tech Yellow Jackets,Georgia Tech,Yellow Jackets,GT,Georgia Tech,georgia-tech-yellow-jackets,000000,https://a.espncdn.com/i/teamlogos/ncaa/500/59.png,https://a.espncdn.com/i/teamlogos/ncaa/500-dark/59.png
287,Gonzaga Bulldogs,Gonzaga,Bulldogs,GONZ,Gonzaga,gonzaga-bulldogs,000000,https://a.espncdn.com/i/teamlogos/ncaa/500/2250.png,https://a.espncdn.com/i/teamlogos/ncaa/500-dark/2250.png
359,Grambling Tigers,Grambling,Tigers,GRAM,Grambling,grambling-tigers,ee8601,https://a.espncdn.com/i/teamlogos/ncaa/500/2755.png,https://a.espncdn.com/i/teamlogos/ncaa/500-dark/2755.png
360,Grand Canyon Lopes,Grand Canyon,Lopes,GCU,Grand Canyon,grand-canyon-lopes,,https://a.espncdn.com/i/teamlogos/ncaa/500/2253.png,https://a.espncdn.com/i/teamlogos/ncaa/500-dark/2253.png
1190,Grand View Vikings,Grand View,Vikings,GV,Grand View,grand-view-vikings,,https://a.espncdn.com/i/teamlogos/ncaa/500/2254.png,https://a.espncdn.com/i/teamlogos/ncaa/500-dark/2254.png
361,Green Bay Phoenix,Green Bay,Phoenix,GB,Green Bay,green-bay-phoenix,006633,https://a.espncdn.com/i/teamlogos/ncaa/500/2739.png,https://a.espncdn.com/i/teamlogos/ncaa/500-dark/2739.png
362,Hampton Pirates,Hampton,Pirates,HAMP,Hampton,hampton-pirates,0067AC,https://a.espncdn.com/i/teamlogos/ncaa/500/2261.png,https://a.espncdn.com/i/teamlogos/ncaa/500-dark/2261.png
70,Hartford Hawks,Hartford,Hawks,HART,Hartford,hartford-hawks,D60008,https://a.espncdn.com/i/teamlogos/ncaa/500/42.png,https://a.espncdn.com/i/teamlogos/ncaa/500-dark/42.png
363,Harvard Crimson,Harvard,Crimson,HARV,Harvard,harvard-crimson,990000,https://a.espncdn.com/i/teamlogos/ncaa/500/108.png,https://a.espncdn.com/i/teamlogos/ncaa/500-dark/108.png
847,Hawai'i Hilo Vulcans,HAWAIIHILO,Vulcans,HILO,Hawai'i Hilo,hawaii-hilo-vulcans,,,
832,Hawai'i Pacific Sea Warriors,HAWAIIPAC,Sea Warriors,HPU,Hawai'i Pacific,hawaii-pacific-sea-warriors,,,
79,Hawai'i Rainbow Warriors,Hawai’i,Rainbow Warriors,HAW,Hawai'i,hawaii-rainbow-warriors,004231,https://a.espncdn.com/i/teamlogos/ncaa/500/62.png,https://a.espncdn.com/i/teamlogos/ncaa/500-dark/62.png
364,High Point Panthers,High Point,Panthers,HPU,High Point,high-point-panthers,b0b7bc,https://a.espncdn.com/i/teamlogos/ncaa/500/2272.png,https://a.espncdn.com/i/teamlogos/ncaa/500-dark/2272.png
365,Hofstra Pride,Hofstra,Pride,HOF,Hofstra,hofstra-pride,27297c,https://a.espncdn.com/i/teamlogos/ncaa/500/2275.png,https://a.espncdn.com/i/teamlogos/ncaa/500-dark/2275.png
366,Holy Cross Crusaders,Holy Cross,Crusaders,HC,Holy Cross,holy-cross-crusaders,0a0a0a,https://a.espncdn.com/i/teamlogos/ncaa/500/107.png,https://a.espncdn.com/i/teamlogos/ncaa/500-dark/107.png
367,Houston Christian Huskies,Hou Christian,Huskies,HCU,Houston Christian,houston-christian-huskies,00539c,https://a.espncdn.com/i/teamlogos/ncaa/500/2277.png,https://a.espncdn.com/i/teamlogos/ncaa/500-dark/2277.png
124,Houston Cougars,Houston,Cougars,HOU,Houston,houston-cougars,E73139,https://a.espncdn.com/i/teamlogos/ncaa/500/248.png,https://a.espncdn.com/i/teamlogos/ncaa/500-dark/248.png
368,Howard Bison,Howard,Bison,HOW,Howard,howard-bison,9e0b0e,https://a.espncdn.com/i/teamlogos/ncaa/500/47.png,https://a.espncdn.com/i/teamlogos/ncaa/500-dark/47.png
375,IU Indianapolis Jaguars,IU Indy,Jaguars,IUIN,IU Indianapolis,iu-indianapolis-jaguars,ca3a44,https://a.espncdn.com/i/teamlogos/ncaa/500/85.png,https://a.espncdn.com/i/teamlogos/ncaa/500-dark/85.png
370,Idaho State Bengals,Idaho St,Bengals,IDST,Idaho State,idaho-state-bengals,ef8c00,https://a.espncdn.com/i/teamlogos/ncaa/500/304.png,https://a.espncdn.com/i/teamlogos/ncaa/500-dark/304.png
369,Idaho Vandals,Idaho,Vandals,IDHO,Idaho,idaho-vandals,000000,https://a.espncdn.com/i/teamlogos/ncaa/500/70.png,https://a.espncdn.com/i/teamlogos/ncaa/500-dark/70.png
153,Illinois Fighting Illini,Illinois,Fighting Illini,ILL,Illinois,illinois-fighting-illini,F77329,https://a.espncdn.com/i/teamlogos/ncaa/500/356.png,https://a.espncdn.com/i/teamlogos/ncaa/500-dark/356.png
288,Illinois State Redbirds,Illinois St,Redbirds,ILST,Illinois State,illinois-state-redbirds,000000,https://a.espncdn.com/i/teamlogos/ncaa/500/2287.png,https://a.espncdn.com/i/teamlogos/ncaa/500-dark/2287.png
371,Incarnate Word Cardinals,Incarnate Word,Cardinals,UIW,Incarnate Word,incarnate-word-cardinals,000000,https://a.espncdn.com/i/teamlogos/ncaa/500/2916.png,https://a.espncdn.com/i/teamlogos/ncaa/500-dark/2916.png
294,Indiana Hoosiers,Indiana,Hoosiers,IU,Indiana,indiana-hoosiers,000000,https://a.espncdn.com/i/teamlogos/ncaa/500/84.png,https://a.espncdn.com/i/teamlogos/ncaa/500-dark/84.png
308,Indiana State Sycamores,Indiana St,Sycamores,INST,Indiana State,indiana-state-sycamores,,https://a.espncdn.com/i/teamlogos/ncaa/500/282.png,https://a.espncdn.com/i/teamlogos/ncaa/500-dark/282.png
372,Iona Gaels,Iona,Gaels,IONA,Iona,iona-gaels,8c001a,https://a.espncdn.com/i/teamlogos/ncaa/500/314.png,https://a.espncdn.com/i/teamlogos/ncaa/500-dark/314.png
167,Iowa Hawkeyes,Iowa,Hawkeyes,IOWA,Iowa,iowa-hawkeyes,000000,https://a.espncdn.com/i/teamlogos/ncaa/500/2294.png,https://a.espncdn.com/i/teamlogos/ncaa/500-dark/2294.png
373,Iowa State Cyclones,Iowa St,Cyclones,ISU,Iowa State,iowa-state-cyclones,d62949,https://a.espncdn.com/i/teamlogos/ncaa/500/66.png,https://a.espncdn.com/i/teamlogos/ncaa/500-dark/66.png
1276,JALC Jalc,JALC,Jalc,JOH,JALC,jalc-jalc,,,
285,Jackson State Tigers,Jackson St,Tigers,JKST,Jackson State,jackson-state-tigers,000000,https://a.espncdn.com/i/teamlogos/ncaa/500/2296.png,https://a.espncdn.com/i/teamlogos/ncaa/500-dark/2296.png
139,Jacksonville Dolphins,Jacksonville,Dolphins,JAX,Jacksonville,jacksonville-dolphins,008568,https://a.espncdn.com/i/teamlogos/ncaa/500/294.png,https://a.espncdn.com/i/teamlogos/ncaa/500-dark/294.png
73,Jacksonville State Gamecocks,Jax State,Gamecocks,JXST,Jacksonville State,jacksonville-state-gamecocks,C61018,https://a.espncdn.com/i/teamlogos/ncaa/500/55.png,https://a.espncdn.com/i/teamlogos/ncaa/500-dark/55.png
129,James Madison Dukes,James Madison,Dukes,JMU,James Madison,james-madison-dukes,0F1358,https://a.espncdn.com/i/teamlogos/ncaa/500/256.png,https://a.espncdn.com/i/teamlogos/ncaa/500-dark/256.png
451,Kansas City Roos,Kansas City,Roos,KC,Kansas City,kansas-city-roos,004A8B,https://a.espncdn.com/i/teamlogos/ncaa/500/140.png,https://a.espncdn.com/i/teamlogos/ncaa/500-dark/140.png
168,Kansas Jayhawks,Kansas,Jayhawks,KU,Kansas,kansas-jayhawks,0337B4,https://a.espncdn.com/i/teamlogos/ncaa/500/2305.png,https://a.espncdn.com/i/teamlogos/ncaa/500-dark/2305.png
264,Kansas State Wildcats,Kansas St,Wildcats,KSU,Kansas State,kansas-state-wildcats,633194,https://a.espncdn.com/i/teamlogos/ncaa/500/2306.png,https://a.espncdn.com/i/teamlogos/ncaa/500-dark/2306.png
307,Kennesaw State Owls,Kennesaw St,Owls,KENN,Kennesaw State,kennesaw-state-owls,,https://a.espncdn.com/i/teamlogos/ncaa/500/338.png,https://a.espncdn.com/i/teamlogos/ncaa/500-dark/338.png
169,Kent State Golden Flashes,Kent State,Golden Flashes,KENT,Kent State,kent-state-golden-flashes,212142,https://a.espncdn.com/i/teamlogos/ncaa/500/2309.png,https://a.espncdn.com/i/teamlogos/ncaa/500-dark/2309.png
82,Kentucky Wildcats,Kentucky,Wildcats,UK,Kentucky,kentucky-wildcats,003399,https://a.espncdn.com/i/teamlogos/ncaa/500/96.png,https://a.espncdn.com/i/teamlogos/ncaa/500-dark/96.png
85,LSU Tigers,LSU,Tigers,LSU,LSU,lsu-tigers,2B0D57,https://a.espncdn.com/i/teamlogos/ncaa/500/99.png,https://a.espncdn.com/i/teamlogos/ncaa/500-dark/99.png
376,La Salle Explorers,La Salle,Explorers,LAS,La Salle,la-salle-explorers,000063,https://a.espncdn.com/i/teamlogos/ncaa/500/2325.png,https://a.espncdn.com/i/teamlogos/ncaa/500-dark/2325.png
145,Lafayette Leopards,Lafayette,Leopards,LAF,Lafayette,lafayette-leopards,790000,https://a.espncdn.com/i/teamlogos/ncaa/500/322.png,https://a.espncdn.com/i/teamlogos/ncaa/500-dark/322.png
170,Lamar Cardinals,Lamar,Cardinals,LAM,Lamar,lamar-cardinals,000000,https://a.espncdn.com/i/teamlogos/ncaa/500/2320.png,https://a.espncdn.com/i/teamlogos/ncaa/500-dark/2320.png
171,Le Moyne Dolphins,Le Moyne,Dolphins,LEM,Le Moyne,le-moyne-dolphins,,https://a.espncdn.com/i/teamlogos/ncaa/500/2330.png,https://a.espncdn.com/i/teamlogos/ncaa/500-dark/2330.png
377,Lehigh Mountain Hawks,Lehigh,Mountain Hawks,LEH,Lehigh,lehigh-mountain-hawks,6c2b2a,https://a.espncdn.com/i/teamlogos/ncaa/500/2329.png,https://a.espncdn.com/i/teamlogos/ncaa/500-dark/2329.png
172,Liberty Flames,Liberty,Flames,LIB,Liberty,liberty-flames,000073,https://a.espncdn.com/i/teamlogos/ncaa/500/2335.png,https://a.espncdn.com/i/teamlogos/ncaa/500-dark/2335.png
834,Lincoln Lions,LINCOLN,Lions,LNC,Lincoln,lincoln-lions,,,
926,Lindenwood Lions,Lindenwood,Lions,LIN,Lindenwood,lindenwood-lions,,https://a.espncdn.com/i/teamlogos/ncaa/500/2815.png,https://a.espncdn.com/i/teamlogos/ncaa/500-dark/2815.png
1247,Linfield Wildcats,Linfield,Wildcats,LIN,Linfield,linfield-wildcats,,https://a.espncdn.com/i/teamlogos/ncaa/500/203.png,https://a.espncdn.com/i/teamlogos/ncaa/500-dark/203.png
378,Lipscomb Bisons,Lipscomb,Bisons,LIP,Lipscomb,lipscomb-bisons,20366C,https://a.espncdn.com/i/teamlogos/ncaa/500/288.png,https://a.espncdn.com/i/teamlogos/ncaa/500-dark/288.png
261,Little Rock Trojans,Little Rock,Trojans,LR,Little Rock,little-rock-trojans,AD0000,https://a.espncdn.com/i/teamlogos/ncaa/500/2031.png,https://a.espncdn.com/i/teamlogos/ncaa/500-dark/2031.png
141,Long Beach State Beach,Long Beach St,Beach,LBSU,Long Beach State,long-beach-state-beach,000000,https://a.espncdn.com/i/teamlogos/ncaa/500/299.png,https://a.espncdn.com/i/teamlogos/ncaa/500-dark/299.png
379,Long Island University Sharks,Long Island,Sharks,LIU,Long Island University,long-island-university-sharks,000000,https://a.espncdn.com/i/teamlogos/ncaa/500/2341.png,https://a.espncdn.com/i/teamlogos/ncaa/500-dark/2341.png
380,Longwood Lancers,Longwood,Lancers,LONG,Longwood,longwood-lancers,003273,https://a.espncdn.com/i/teamlogos/ncaa/500/2344.png,https://a.espncdn.com/i/teamlogos/ncaa/500-dark/2344.png
1189,Loras College Duhawks,Loras College,Duhawks,LOR,Loras College,loras-college-duhawks,,https://a.espncdn.com/i/teamlogos/ncaa/500/263.png,https://a.espncdn.com/i/teamlogos/ncaa/500-dark/263.png
144,Louisiana Ragin' Cajuns,Louisiana,Ragin' Cajuns,UL,Louisiana,louisiana-ragin-cajuns,CE2842,https://a.espncdn.com/i/teamlogos/ncaa/500/309.png,https://a.espncdn.com/i/teamlogos/ncaa/500-dark/309.png
173,Louisiana Tech Bulldogs,Louisiana Tech,Bulldogs,LT,Louisiana Tech,louisiana-tech-bulldogs,3129E7,https://a.espncdn.com/i/teamlogos/ncaa/500/2348.png,https://a.espncdn.com/i/teamlogos/ncaa/500-dark/2348.png
83,Louisville Cardinals,Louisville,Cardinals,LOU,Louisville,louisville-cardinals,DE0018,https://a.espncdn.com/i/teamlogos/ncaa/500/97.png,https://a.espncdn.com/i/teamlogos/ncaa/500-dark/97.png
381,Loyola Chicago Ramblers,Loyola Chicago,Ramblers,LUC,Loyola Chicago,loyola-chicago-ramblers,9d1244,https://a.espncdn.com/i/teamlogos/ncaa/500/2350.png,https://a.espncdn.com/i/teamlogos/ncaa/500-dark/2350.png
382,Loyola Maryland Greyhounds,Loyola MD,Greyhounds,L-MD,Loyola Maryland,loyola-maryland-greyhounds,76a7a0,https://a.espncdn.com/i/teamlogos/ncaa/500/2352.png,https://a.espncdn.com/i/teamlogos/ncaa/500-dark/2352.png
174,Loyola Marymount Lions,LMU,Lions,LMU,Loyola Marymount,loyola-marymount-lions,880029,https://a.espncdn.com/i/teamlogos/ncaa/500/2351.png,https://a.espncdn.com/i/teamlogos/ncaa/500-dark/2351.png
929,MIAMI GARDENS Bobcats,STTHOM(FL),Bobcats,STFL,MIAMI GARDENS,miami-gardens-bobcats,,,
928,MOUNT VERNON Rams,Cornell IA,Rams,CRIA,MOUNT VERNON,mount-vernon-rams,,https://a.espncdn.com/i/teamlogos/ncaa/500/2155.png,https://a.espncdn.com/i/teamlogos/ncaa/500-dark/2155.png
823,MUSKOGEE Bacone,BACONECG,Bacone,BAC,MUSKOGEE,muskogee-bacone,,,
259,Maine Black Bears,Maine,Black Bears,ME,Maine,maine-black-bears,000000,https://a.espncdn.com/i/teamlogos/ncaa/500/311.png,https://a.espncdn.com/i/teamlogos/ncaa/500-dark/311.png
265,Manhattan Jaspers,Manhattan,Jaspers,MAN,Manhattan,manhattan-jaspers,4F8537,https://a.espncdn.com/i/teamlogos/ncaa/500/2363.png,https://a.espncdn.com/i/teamlogos/ncaa/500-dark/2363.png
175,Marist Red Foxes,Marist,Red Foxes,MRST,Marist,marist-red-foxes,E53730,https://a.espncdn.com/i/teamlogos/ncaa/500/2368.png,https://a.espncdn.com/i/teamlogos/ncaa/500-dark/2368.png
383,Marquette Golden Eagles,Marquette,Golden Eagles,MARQ,Marquette,marquette-golden-eagles,083963,https://a.espncdn.com/i/teamlogos/ncaa/500/269.png,https://a.espncdn.com/i/teamlogos/ncaa/500-dark/269.png
384,Marshall Thundering Herd,Marshall,Thundering Herd,MRSH,Marshall,marshall-thundering-herd,186329,https://a.espncdn.com/i/teamlogos/ncaa/500/276.png,https://a.espncdn.com/i/teamlogos/ncaa/500-dark/276.png
385,Maryland Eastern Shore Hawks,MD Eastern,Hawks,UMES,Maryland Eastern Shore,maryland-eastern-shore-hawks,5c2301,https://a.espncdn.com/i/teamlogos/ncaa/500/2379.png,https://a.espncdn.com/i/teamlogos/ncaa/500-dark/2379.png
87,Maryland Terrapins,Maryland,Terrapins,MD,Maryland,maryland-terrapins,D60039,https://a.espncdn.com/i/teamlogos/ncaa/500/120.png,https://a.espncdn.com/i/teamlogos/ncaa/500-dark/120.png
386,Massachusetts Minutemen,UMass,Minutemen,MASS,Massachusetts,massachusetts-minutemen,ac0d1e,https://a.espncdn.com/i/teamlogos/ncaa/500/113.png,https://a.espncdn.com/i/teamlogos/ncaa/500-dark/113.png
387,McNeese Cowboys,McNeese,Cowboys,MCN,McNeese,mcneese-cowboys,003366,https://a.espncdn.com/i/teamlogos/ncaa/500/2377.png,https://a.espncdn.com/i/teamlogos/ncaa/500-dark/2377.png
119,Memphis Tigers,Memphis,Tigers,MEM,Memphis,memphis-tigers,29299C,https://a.espncdn.com/i/teamlogos/ncaa/500/235.png,https://a.espncdn.com/i/teamlogos/ncaa/500-dark/235.png
295,Mercer Bears,Mercer,Bears,MER,Mercer,mercer-bears,000000,https://a.espncdn.com/i/teamlogos/ncaa/500/2382.png,https://a.espncdn.com/i/teamlogos/ncaa/500-dark/2382.png
129698,Mercyhurst Lakers,Mercyhurst,Lakers,MER,Mercyhurst,mercyhurst-lakers,,https://a.espncdn.com/i/teamlogos/ncaa/500/2385.png,https://a.espncdn.com/i/teamlogos/ncaa/500-dark/2385.png
1148,Merrimack Warriors,Merrimack,Warriors,MRMK,Merrimack,merrimack-warriors,,https://a.espncdn.com/i/teamlogos/ncaa/500/2771.png,https://a.espncdn.com/i/teamlogos/ncaa/500-dark/2771.png
107,Miami (OH) RedHawks,Miami OH,RedHawks,M-OH,Miami (OH),miami-oh-redhawks,CE2229,https://a.espncdn.com/i/teamlogos/ncaa/500/193.png,https://a.espncdn.com/i/teamlogos/ncaa/500-dark/193.png
176,Miami Hurricanes,Miami,Hurricanes,MIA,Miami,miami-hurricanes,004325,https://a.espncdn.com/i/teamlogos/ncaa/500/2390.png,https://a.espncdn.com/i/teamlogos/ncaa/500-dark/2390.png
88,Michigan State Spartans,Michigan St,Spartans,MSU,Michigan State,michigan-state-spartans,226B31,https://a.espncdn.com/i/teamlogos/ncaa/500/127.png,https://a.espncdn.com/i/teamlogos/ncaa/500-dark/127.png
89,Michigan Wolverines,Michigan,Wolverines,MICH,Michigan,michigan-wolverines,292942,https://a.espncdn.com/i/teamlogos/ncaa/500/130.png,https://a.espncdn.com/i/teamlogos/ncaa/500-dark/130.png
837,Mid-America Christian Evangels,MCA,Evangels,MCA,Mid-America Christian,mid-america-christian-evangels,,,
177,Middle Tennessee Blue Raiders,MTSU,Blue Raiders,MTSU,Middle Tennessee,middle-tennessee-blue-raiders,1842D6,https://a.espncdn.com/i/teamlogos/ncaa/500/2393.png,https://a.espncdn.com/i/teamlogos/ncaa/500-dark/2393.png
135,Milwaukee Panthers,Milwaukee,Panthers,MILW,Milwaukee,milwaukee-panthers,000000,https://a.espncdn.com/i/teamlogos/ncaa/500/270.png,https://a.espncdn.com/i/teamlogos/ncaa/500-dark/270.png
90,Minnesota Golden Gophers,Minnesota,Golden Gophers,MINN,Minnesota,minnesota-golden-gophers,752132,https://a.espncdn.com/i/teamlogos/ncaa/500/135.png,https://a.espncdn.com/i/teamlogos/ncaa/500-dark/135.png
150,Mississippi State Bulldogs,Mississippi St,Bulldogs,MSST,Mississippi State,mississippi-state-bulldogs,531122,https://a.espncdn.com/i/teamlogos/ncaa/500/344.png,https://a.espncdn.com/i/teamlogos/ncaa/500-dark/344.png
388,Mississippi Valley State Delta Devils,Miss Valley St,Delta Devils,MVSU,Mississippi Valley State,mississippi-valley-state-delta-devils,054105,https://a.espncdn.com/i/teamlogos/ncaa/500/2400.png,https://a.espncdn.com/i/teamlogos/ncaa/500-dark/2400.png
197,Missouri State Bears,Missouri St,Bears,MOST,Missouri State,missouri-state-bears,4A0010,https://a.espncdn.com/i/teamlogos/ncaa/500/2623.png,https://a.espncdn.com/i/teamlogos/ncaa/500-dark/2623.png
91,Missouri Tigers,Missouri,Tigers,MIZ,Missouri,missouri-tigers,000000,https://a.espncdn.com/i/teamlogos/ncaa/500/142.png,https://a.espncdn.com/i/teamlogos/ncaa/500-dark/142.png
178,Monmouth Hawks,Monmouth,Hawks,MONM,Monmouth,monmouth-hawks,0D217B,https://a.espncdn.com/i/teamlogos/ncaa/500/2405.png,https://a.espncdn.com/i/teamlogos/ncaa/500-dark/2405.png
389,Montana Grizzlies,Montana,Grizzlies,MONT,Montana,montana-grizzlies,63104a,https://a.espncdn.com/i/teamlogos/ncaa/500/149.png,https://a.espncdn.com/i/teamlogos/ncaa/500-dark/149.png
390,Montana State Bobcats,Montana St,Bobcats,MTST,Montana State,montana-state-bobcats,010670,https://a.espncdn.com/i/teamlogos/ncaa/500/147.png,https://a.espncdn.com/i/teamlogos/ncaa/500-dark/147.png
391,Morehead State Eagles,Morehead St,Eagles,MORE,Morehead State,morehead-state-eagles,29109c,https://a.espncdn.com/i/teamlogos/ncaa/500/2413.png,https://a.espncdn.com/i/teamlogos/ncaa/500-dark/2413.png
392,Morgan State Bears,Morgan St,Bears,MORG,Morgan State,morgan-state-bears,0505aa,https://a.espncdn.com/i/teamlogos/ncaa/500/2415.png,https://a.espncdn.com/i/teamlogos/ncaa/500-dark/2415.png
393,Mount St. Mary's Mountaineers,Mount St Marys,Mountaineers,MSM,Mount St. Mary's,mount-st-marys-mountaineers,001259,https://a.espncdn.com/i/teamlogos/ncaa/500/116.png,https://a.espncdn.com/i/teamlogos/ncaa/500-dark/116.png
394,Murray State Racers,Murray St,Racers,MUR,Murray State,murray-state-racers,182356,https://a.espncdn.com/i/teamlogos/ncaa/500/93.png,https://a.espncdn.com/i/teamlogos/ncaa/500-dark/93.png
95,NC State Wolfpack,NC State,Wolfpack,NCSU,NC State,nc-state-wolfpack,D60039,https://a.espncdn.com/i/teamlogos/ncaa/500/152.png,https://a.espncdn.com/i/teamlogos/ncaa/500-dark/152.png
395,NJIT Highlanders,NJIT,Highlanders,NJIT,NJIT,njit-highlanders,ff3333,https://a.espncdn.com/i/teamlogos/ncaa/500/2885.png,https://a.espncdn.com/i/teamlogos/ncaa/500-dark/2885.png
1277,NMCC Nmcc,NMCC,Nmcc,NOR,NMCC,nmcc-nmcc,,,
838,NY Institute of Technology Yellow Jackets,NYIT,Yellow Jackets,NYIT,NY Institute of Technology,ny-institute-of-technology-yellow-jackets,,,
179,Navy Midshipmen,Navy,Midshipmen,NAVY,Navy,navy-midshipmen,0F1021,https://a.espncdn.com/i/teamlogos/ncaa/500/2426.png,https://a.espncdn.com/i/teamlogos/ncaa/500-dark/2426.png
99,Nebraska Cornhuskers,Nebraska,Cornhuskers,NEB,Nebraska,nebraska-cornhuskers,FE0D04,https://a.espncdn.com/i/teamlogos/ncaa/500/158.png,https://a.espncdn.com/i/teamlogos/ncaa/500-dark/158.png
849,Nebraska-Kearney Lopers,Neb Kearney,Lopers,NK,Nebraska-Kearney,nebraska-kearney-lopers,,https://a.espncdn.com/i/teamlogos/ncaa/500/2438.png,https://a.espncdn.com/i/teamlogos/ncaa/500-dark/2438.png
183,Nevada Wolf Pack,Nevada,Wolf Pack,NEV,Nevada,nevada-wolf-pack,084A73,https://a.espncdn.com/i/teamlogos/ncaa/500/2440.png,https://a.espncdn.com/i/teamlogos/ncaa/500-dark/2440.png
397,New Hampshire Wildcats,New Hampshire,Wildcats,UNH,New Hampshire,new-hampshire-wildcats,004371,https://a.espncdn.com/i/teamlogos/ncaa/500/160.png,https://a.espncdn.com/i/teamlogos/ncaa/500-dark/160.png
104,New Mexico Lobos,New Mexico,Lobos,UNM,New Mexico,new-mexico-lobos,000000,https://a.espncdn.com/i/teamlogos/ncaa/500/167.png,https://a.espncdn.com/i/teamlogos/ncaa/500-dark/167.png
103,New Mexico State Aggies,New Mexico St,Aggies,NMSU,New Mexico State,new-mexico-state-aggies,730000,https://a.espncdn.com/i/teamlogos/ncaa/500/166.png,https://a.espncdn.com/i/teamlogos/ncaa/500-dark/166.png
184,New Orleans Privateers,New Orleans,Privateers,UNO,New Orleans,new-orleans-privateers,2B3986,https://a.espncdn.com/i/teamlogos/ncaa/500/2443.png,https://a.espncdn.com/i/teamlogos/ncaa/500-dark/2443.png
398,Niagara Purple Eagles,Niagara,Purple Eagles,NIA,Niagara,niagara-purple-eagles,641460,https://a.espncdn.com/i/teamlogos/ncaa/500/315.png,https://a.espncdn.com/i/teamlogos/ncaa/500-dark/315.png
399,Nicholls Colonels,Nicholls,Colonels,NICH,Nicholls,nicholls-colonels,2a5074,https://a.espncdn.com/i/teamlogos/ncaa/500/2447.png,https://a.espncdn.com/i/teamlogos/ncaa/500-dark/2447.png
400,Norfolk State Spartans,Norfolk St,Spartans,NORF,Norfolk State,norfolk-state-spartans,08614f,https://a.espncdn.com/i/teamlogos/ncaa/500/2450.png,https://a.espncdn.com/i/teamlogos/ncaa/500-dark/2450.png
1103,North Alabama Lions,North Alabama,Lions,UNA,North Alabama,north-alabama-lions,000000,https://a.espncdn.com/i/teamlogos/ncaa/500/2453.png,https://a.espncdn.com/i/teamlogos/ncaa/500-dark/2453.png
401,North Carolina A&T Aggies,NC A&T,Aggies,NCAT,North Carolina A&T,north-carolina-at-aggies,0505aa,https://a.espncdn.com/i/teamlogos/ncaa/500/2448.png,https://a.espncdn.com/i/teamlogos/ncaa/500-dark/2448.png
402,North Carolina Central Eagles,NC Central,Eagles,NCCU,North Carolina Central,north-carolina-central-eagles,860016,https://a.espncdn.com/i/teamlogos/ncaa/500/2428.png,https://a.espncdn.com/i/teamlogos/ncaa/500-dark/2428.png
96,North Carolina Tar Heels,North Carolina,Tar Heels,UNC,North Carolina,north-carolina-tar-heels,002942,https://a.espncdn.com/i/teamlogos/ncaa/500/153.png,https://a.espncdn.com/i/teamlogos/ncaa/500-dark/153.png
403,North Dakota Fighting Hawks,North Dakota,Fighting Hawks,UND,North Dakota,north-dakota-fighting-hawks,00a15e,https://a.espncdn.com/i/teamlogos/ncaa/500/155.png,https://a.espncdn.com/i/teamlogos/ncaa/500-dark/155.png
310,North Dakota State Bison,N Dakota St,Bison,NDSU,North Dakota State,north-dakota-state-bison,,https://a.espncdn.com/i/teamlogos/ncaa/500/2449.png,https://a.espncdn.com/i/teamlogos/ncaa/500-dark/2449.png
296,North Florida Ospreys,North Florida,Ospreys,UNF,North Florida,north-florida-ospreys,000000,https://a.espncdn.com/i/teamlogos/ncaa/500/2454.png,https://a.espncdn.com/i/teamlogos/ncaa/500-dark/2454.png
839,North Georgia Saints,NORGE,Saints,NGA,North Georgia,north-georgia-saints,,,
404,North Texas Mean Green,North Texas,Mean Green,UNT,North Texas,north-texas-mean-green,006342,https://a.espncdn.com/i/teamlogos/ncaa/500/249.png,https://a.espncdn.com/i/teamlogos/ncaa/500-dark/249.png
405,Northeastern Huskies,Northeastern,Huskies,NE,Northeastern,northeastern-huskies,CC0001,https://a.espncdn.com/i/teamlogos/ncaa/500/111.png,https://a.espncdn.com/i/teamlogos/ncaa/500-dark/111.png
406,Northern Arizona Lumberjacks,N Arizona,Lumberjacks,NAU,Northern Arizona,northern-arizona-lumberjacks,001894,https://a.espncdn.com/i/teamlogos/ncaa/500/2464.png,https://a.espncdn.com/i/teamlogos/ncaa/500-dark/2464.png
407,Northern Colorado Bears,N Colorado,Bears,UNCO,Northern Colorado,northern-colorado-bears,003399,https://a.espncdn.com/i/teamlogos/ncaa/500/2458.png,https://a.espncdn.com/i/teamlogos/ncaa/500-dark/2458.png
408,Northern Illinois Huskies,N Illinois,Huskies,NIU,Northern Illinois,northern-illinois-huskies,e73139,https://a.espncdn.com/i/teamlogos/ncaa/500/2459.png,https://a.espncdn.com/i/teamlogos/ncaa/500-dark/2459.png
409,Northern Iowa Panthers,Northern Iowa,Panthers,UNI,Northern Iowa,northern-iowa-panthers,130671,https://a.espncdn.com/i/teamlogos/ncaa/500/2460.png,https://a.espncdn.com/i/teamlogos/ncaa/500-dark/2460.png
410,Northern Kentucky Norse,N Kentucky,Norse,NKU,Northern Kentucky,northern-kentucky-norse,000000,https://a.espncdn.com/i/teamlogos/ncaa/500/94.png,https://a.espncdn.com/i/teamlogos/ncaa/500-dark/94.png
840,Northwestern College (IA) Northwestern College (Ia),NWCOLLIOWA,Northwestern College (Ia),NOR,Northwestern College (IA),northwestern-college-ia-northwestern-college-ia,,,
186,Northwestern State Demons,N'Western St,Demons,NWST,Northwestern State,northwestern-state-demons,68565F,https://a.espncdn.com/i/teamlogos/ncaa/500/2466.png,https://a.espncdn.com/i/teamlogos/ncaa/500-dark/2466.png
411,Northwestern Wildcats,Northwestern,Wildcats,NU,Northwestern,northwestern-wildcats,372286,https://a.espncdn.com/i/teamlogos/ncaa/500/77.png,https://a.espncdn.com/i/teamlogos/ncaa/500-dark/77.png
81,Notre Dame Fighting Irish,Notre Dame,Fighting Irish,ND,Notre Dame,notre-dame-fighting-irish,313A98,https://a.espncdn.com/i/teamlogos/ncaa/500/87.png,https://a.espncdn.com/i/teamlogos/ncaa/500-dark/87.png
412,Oakland Golden Grizzlies,Oakland,Golden Grizzlies,OAK,Oakland,oakland-golden-grizzlies,04091c,https://a.espncdn.com/i/teamlogos/ncaa/500/2473.png,https://a.espncdn.com/i/teamlogos/ncaa/500-dark/2473.png
109,Ohio Bobcats,Ohio,Bobcats,OHIO,Ohio,ohio-bobcats,006342,https://a.espncdn.com/i/teamlogos/ncaa/500/195.png,https://a.espncdn.com/i/teamlogos/ncaa/500-dark/195.png
108,Ohio State Buckeyes,Ohio State,Buckeyes,OSU,Ohio State,ohio-state-buckeyes,DE3129,https://a.espncdn.com/i/teamlogos/ncaa/500/194.png,https://a.espncdn.com/i/teamlogos/ncaa/500-dark/194.png
112,Oklahoma Sooners,Oklahoma,Sooners,OU,Oklahoma,oklahoma-sooners,7B0000,https://a.espncdn.com/i/teamlogos/ncaa/500/201.png,https://a.espncdn.com/i/teamlogos/ncaa/500-dark/201.png
110,Oklahoma State Cowboys,Oklahoma St,Cowboys,OKST,Oklahoma State,oklahoma-state-cowboys,000000,https://a.espncdn.com/i/teamlogos/ncaa/500/197.png,https://a.espncdn.com/i/teamlogos/ncaa/500-dark/197.png
140,Old Dominion Monarchs,Old Dominion,Monarchs,ODU,Old Dominion,old-dominion-monarchs,00507D,https://a.espncdn.com/i/teamlogos/ncaa/500/295.png,https://a.espncdn.com/i/teamlogos/ncaa/500-dark/295.png
92,Ole Miss Rebels,Ole Miss,Rebels,MISS,Ole Miss,ole-miss-rebels,101894,https://a.espncdn.com/i/teamlogos/ncaa/500/145.png,https://a.espncdn.com/i/teamlogos/ncaa/500-dark/145.png
396,Omaha Mavericks,Omaha,Mavericks,OMA,Omaha,omaha-mavericks,e3193e,https://a.espncdn.com/i/teamlogos/ncaa/500/2437.png,https://a.espncdn.com/i/teamlogos/ncaa/500-dark/2437.png
111,Oral Roberts Golden Eagles,Oral Roberts,Golden Eagles,ORU,Oral Roberts,oral-roberts-golden-eagles,002955,https://a.espncdn.com/i/teamlogos/ncaa/500/198.png,https://a.espncdn.com/i/teamlogos/ncaa/500-dark/198.png
273,Oregon Ducks,Oregon,Ducks,ORE,Oregon,oregon-ducks,044520,https://a.espncdn.com/i/teamlogos/ncaa/500/2483.png,https://a.espncdn.com/i/teamlogos/ncaa/500-dark/2483.png
113,Oregon State Beavers,Oregon St,Beavers,ORST,Oregon State,oregon-state-beavers,000000,https://a.espncdn.com/i/teamlogos/ncaa/500/204.png,https://a.espncdn.com/i/teamlogos/ncaa/500-dark/204.png
1279,PEARL Pearl,PEARL,Pearl,PEA,PEARL,pearl-pearl,,,
835,PINEVILLE Wildcats,LACOLLEGE,Wildcats,LCO,PINEVILLE,pineville-wildcats,,,
129700,Pacific Lutheran Lutes,Pacific Luther,Lutes,PAC,Pacific Lutheran,pacific-lutheran-lutes,,https://a.espncdn.com/i/teamlogos/ncaa/500/2486.png,https://a.espncdn.com/i/teamlogos/ncaa/500-dark/2486.png
413,Pacific Tigers,Pacific,Tigers,PAC,Pacific,pacific-tigers,ff5109,https://a.espncdn.com/i/teamlogos/ncaa/500/279.png,https://a.espncdn.com/i/teamlogos/ncaa/500-dark/279.png
414,Penn State Nittany Lions,Penn State,Nittany Lions,PSU,Penn State,penn-state-nittany-lions,29294a,https://a.espncdn.com/i/teamlogos/ncaa/500/213.png,https://a.espncdn.com/i/teamlogos/ncaa/500-dark/213.png
415,Pennsylvania Quakers,Penn,Quakers,PENN,Pennsylvania,pennsylvania-quakers,B10021,https://a.espncdn.com/i/teamlogos/ncaa/500/219.png,https://a.espncdn.com/i/teamlogos/ncaa/500-dark/219.png
187,Pepperdine Waves,Pepperdine,Waves,PEPP,Pepperdine,pepperdine-waves,009C98,https://a.espncdn.com/i/teamlogos/ncaa/500/2492.png,https://a.espncdn.com/i/teamlogos/ncaa/500-dark/2492.png
115,Pittsburgh Panthers,Pitt,Panthers,PITT,Pittsburgh,pittsburgh-panthers,313169,https://a.espncdn.com/i/teamlogos/ncaa/500/221.png,https://a.espncdn.com/i/teamlogos/ncaa/500-dark/221.png
416,Portland Pilots,Portland,Pilots,PORT,Portland,portland-pilots,4200a0,https://a.espncdn.com/i/teamlogos/ncaa/500/2501.png,https://a.espncdn.com/i/teamlogos/ncaa/500-dark/2501.png
417,Portland State Vikings,Portland St,Vikings,PRST,Portland State,portland-state-vikings,005e60,https://a.espncdn.com/i/teamlogos/ncaa/500/2502.png,https://a.espncdn.com/i/teamlogos/ncaa/500-dark/2502.png
188,Prairie View A&M Panthers,Prairie View,Panthers,PV,Prairie View A&M,prairie-view-am-panthers,4D0960,https://a.espncdn.com/i/teamlogos/ncaa/500/2504.png,https://a.espncdn.com/i/teamlogos/ncaa/500-dark/2504.png
418,Presbyterian Blue Hose,Presbyterian,Blue Hose,PRES,Presbyterian,presbyterian-blue-hose,003372,https://a.espncdn.com/i/teamlogos/ncaa/500/2506.png,https://a.espncdn.com/i/teamlogos/ncaa/500-dark/2506.png
101,Princeton Tigers,Princeton,Tigers,PRIN,Princeton,princeton-tigers,FF9408,https://a.espncdn.com/i/teamlogos/ncaa/500/163.png,https://a.espncdn.com/i/teamlogos/ncaa/500-dark/163.png
419,Providence Friars,Providence,Friars,PROV,Providence,providence-friars,000000,https://a.espncdn.com/i/teamlogos/ncaa/500/2507.png,https://a.espncdn.com/i/teamlogos/ncaa/500-dark/2507.png
189,Purdue Boilermakers,Purdue,Boilermakers,PUR,Purdue,purdue-boilermakers,211818,https://a.espncdn.com/i/teamlogos/ncaa/500/2509.png,https://a.espncdn.com/i/teamlogos/ncaa/500-dark/2509.png
374,Purdue Fort Wayne Mastodons,Purdue FW,Mastodons,PFW,Purdue Fort Wayne,purdue-fort-wayne-mastodons,00378A,https://a.espncdn.com/i/teamlogos/ncaa/500/2870.png,https://a.espncdn.com/i/teamlogos/ncaa/500-dark/2870.png
1238,Queens University Royals,Queens,Royals,QUC,Queens University,queens-university-royals,,https://a.espncdn.com/i/teamlogos/ncaa/500/2511.png,https://a.espncdn.com/i/teamlogos/ncaa/500-dark/2511.png
420,Quinnipiac Bobcats,Quinnipiac,Bobcats,QUIN,Quinnipiac,quinnipiac-bobcats,002162,https://a.espncdn.com/i/teamlogos/ncaa/500/2514.png,https://a.espncdn.com/i/teamlogos/ncaa/500-dark/2514.png
1191,ROOSEVELT Lakers,ROOSEVELT,Lakers,ROO,ROOSEVELT,roosevelt-lakers,,,
421,Radford Highlanders,Radford,Highlanders,RAD,Radford,radford-highlanders,bd1818,https://a.espncdn.com/i/teamlogos/ncaa/500/2515.png,https://a.espncdn.com/i/teamlogos/ncaa/500-dark/2515.png
422,Rhode Island Rams,Rhode Island,Rams,URI,Rhode Island,rhode-island-rams,003559,https://a.espncdn.com/i/teamlogos/ncaa/500/227.png,https://a.espncdn.com/i/teamlogos/ncaa/500-dark/227.png
122,Rice Owls,Rice,Owls,RICE,Rice,rice-owls,00315A,https://a.espncdn.com/i/teamlogos/ncaa/500/242.png,https://a.espncdn.com/i/teamlogos/ncaa/500-dark/242.png
130,Richmond Spiders,Richmond,Spiders,RICH,Richmond,richmond-spiders,004371,https://a.espncdn.com/i/teamlogos/ncaa/500/257.png,https://a.espncdn.com/i/teamlogos/ncaa/500-dark/257.png
423,Rider Broncs,Rider,Broncs,RID,Rider,rider-broncs,c82223,https://a.espncdn.com/i/teamlogos/ncaa/500/2520.png,https://a.espncdn.com/i/teamlogos/ncaa/500-dark/2520.png
424,Robert Morris Colonials,Robert Morris,Colonials,RMU,Robert Morris,robert-morris-colonials,3d4262,https://a.espncdn.com/i/teamlogos/ncaa/500/2523.png,https://a.espncdn.com/i/teamlogos/ncaa/500-dark/2523.png
102,Rutgers Scarlet Knights,Rutgers,Scarlet Knights,RUTG,Rutgers,rutgers-scarlet-knights,000000,https://a.espncdn.com/i/teamlogos/ncaa/500/164.png,https://a.espncdn.com/i/teamlogos/ncaa/500-dark/164.png
1275,SANJACJC Sanjacjc,SANJACJC,Sanjacjc,SAN,SANJACJC,sanjacjc-sanjacjc,,,
1278,SCOF Scof,SCOF,Scof,STA,SCOF,scof-scof,,,
309,SE Louisiana Lions,SE Louisiana,Lions,SELA,SE Louisiana,se-louisiana-lions,,https://a.espncdn.com/i/teamlogos/ncaa/500/2545.png,https://a.espncdn.com/i/teamlogos/ncaa/500-dark/2545.png
1197,SEUNIV Fires,Southeastern,Fires,SOU,SEUNIV,seuniv-fires,,,
429,SIU Edwardsville Cougars,SIUE,Cougars,SIUE,SIU Edwardsville,siu-edwardsville-cougars,eb1c23,https://a.espncdn.com/i/teamlogos/ncaa/500/2565.png,https://a.espncdn.com/i/teamlogos/ncaa/500-dark/2565.png
433,SMU Mustangs,SMU,Mustangs,SMU,SMU,smu-mustangs,e73139,https://a.espncdn.com/i/teamlogos/ncaa/500/2567.png,https://a.espncdn.com/i/teamlogos/ncaa/500-dark/2567.png
842,SW Oklahoma State Bulldogs,SWOKLAST,Bulldogs,SWOS,SW Oklahoma State,sw-oklahoma-state-bulldogs,,https://a.espncdn.com/i/teamlogos/ncaa/500/2927.png,https://a.espncdn.com/i/teamlogos/ncaa/500-dark/2927.png
314,Sacramento State Hornets,Sacramento St,Hornets,SAC,Sacramento State,sacramento-state-hornets,,https://a.espncdn.com/i/teamlogos/ncaa/500/16.png,https://a.espncdn.com/i/teamlogos/ncaa/500-dark/16.png
266,Sacred Heart Pioneers,Sacred Heart,Pioneers,SHU,Sacred Heart,sacred-heart-pioneers,BB003A,https://a.espncdn.com/i/teamlogos/ncaa/500/2529.png,https://a.espncdn.com/i/teamlogos/ncaa/500-dark/2529.png
436,Saint Francis Red Flash,Saint Francis,Red Flash,SFPA,Saint Francis,saint-francis-red-flash,a20012,https://a.espncdn.com/i/teamlogos/ncaa/500/2598.png,https://a.espncdn.com/i/teamlogos/ncaa/500-dark/2598.png
425,Saint Joseph's Hawks,Saint Joseph's,Hawks,JOES,Saint Joseph's,saint-josephs-hawks,BB003A,https://a.espncdn.com/i/teamlogos/ncaa/500/2603.png,https://a.espncdn.com/i/teamlogos/ncaa/500-dark/2603.png
300,Saint Louis Billikens,Saint Louis,Billikens,SLU,Saint Louis,saint-louis-billikens,000000,https://a.espncdn.com/i/teamlogos/ncaa/500/139.png,https://a.espncdn.com/i/teamlogos/ncaa/500-dark/139.png
426,Saint Mary's Gaels,Saint Mary's,Gaels,SMC,Saint Mary's,saint-marys-gaels,000063,https://a.espncdn.com/i/teamlogos/ncaa/500/2608.png,https://a.espncdn.com/i/teamlogos/ncaa/500-dark/2608.png
1067,Saint Paul Golden Bears,Cncrdia MN,Golden Bears,CON,Saint Paul,saint-paul-golden-bears,000000,https://a.espncdn.com/i/teamlogos/ncaa/500/3066.png,https://a.espncdn.com/i/teamlogos/ncaa/500-dark/3066.png
437,Saint Peter's Peacocks,Saint Peter's,Peacocks,SPU,Saint Peter's,saint-peters-peacocks,001555,https://a.espncdn.com/i/teamlogos/ncaa/500/2612.png,https://a.espncdn.com/i/teamlogos/ncaa/500-dark/2612.png
841,Salisbury Sea Gulls,SALISBURY,Sea Gulls,SSU,Salisbury,salisbury-sea-gulls,,https://a.espncdn.com/i/teamlogos/ncaa/500/2532.png,https://a.espncdn.com/i/teamlogos/ncaa/500-dark/2532.png
190,Sam Houston Bearkats,Sam Houston,Bearkats,SHSU,Sam Houston,sam-houston-bearkats,FF7800,https://a.espncdn.com/i/teamlogos/ncaa/500/2534.png,https://a.espncdn.com/i/teamlogos/ncaa/500-dark/2534.png
274,Samford Bulldogs,Samford,Bulldogs,SAM,Samford,samford-bulldogs,005485,https://a.espncdn.com/i/teamlogos/ncaa/500/2535.png,https://a.espncdn.com/i/teamlogos/ncaa/500-dark/2535.png
62,San Diego State Aztecs,San Diego St,Aztecs,SDSU,San Diego State,san-diego-state-aztecs,D60039,https://a.espncdn.com/i/teamlogos/ncaa/500/21.png,https://a.espncdn.com/i/teamlogos/ncaa/500-dark/21.png
143,San Diego Toreros,San Diego,Toreros,USD,San Diego,san-diego-toreros,0D1361,https://a.espncdn.com/i/teamlogos/ncaa/500/301.png,https://a.espncdn.com/i/teamlogos/ncaa/500-dark/301.png
267,San Francisco Dons,San Francisco,Dons,SF,San Francisco,san-francisco-dons,083123,https://a.espncdn.com/i/teamlogos/ncaa/500/2539.png,https://a.espncdn.com/i/teamlogos/ncaa/500-dark/2539.png
63,San José State Spartans,San José St,Spartans,SJSU,San José State,san-jose-state-spartans,005A94,https://a.espncdn.com/i/teamlogos/ncaa/500/23.png,https://a.espncdn.com/i/teamlogos/ncaa/500-dark/23.png
427,Santa Clara Broncos,Santa Clara,Broncos,SCU,Santa Clara,santa-clara-broncos,690b0b,https://a.espncdn.com/i/teamlogos/ncaa/500/2541.png,https://a.espncdn.com/i/teamlogos/ncaa/500-dark/2541.png
286,Savannah State Tigers,Savannah St,Tigers,SAV,Savannah State,savannah-state-tigers,000000,https://a.espncdn.com/i/teamlogos/ncaa/500/2542.png,https://a.espncdn.com/i/teamlogos/ncaa/500-dark/2542.png
428,Seattle U Redhawks,Seattle U,Redhawks,SEA,Seattle U,seattle-u-redhawks,bd2d1a,https://a.espncdn.com/i/teamlogos/ncaa/500/2547.png,https://a.espncdn.com/i/teamlogos/ncaa/500-dark/2547.png
268,Seton Hall Pirates,Seton Hall,Pirates,HALL,Seton Hall,seton-hall-pirates,3142AD,https://a.espncdn.com/i/teamlogos/ncaa/500/2550.png,https://a.espncdn.com/i/teamlogos/ncaa/500-dark/2550.png
311,Siena Saints,Siena,Saints,SIE,Siena,siena-saints,,https://a.espncdn.com/i/teamlogos/ncaa/500/2561.png,https://a.espncdn.com/i/teamlogos/ncaa/500-dark/2561.png
57,South Alabama Jaguars,South Alabama,Jaguars,USA,South Alabama,south-alabama-jaguars,004A7B,https://a.espncdn.com/i/teamlogos/ncaa/500/6.png,https://a.espncdn.com/i/teamlogos/ncaa/500-dark/6.png
193,South Carolina Gamecocks,South Carolina,Gamecocks,SC,South Carolina,south-carolina-gamecocks,000000,https://a.espncdn.com/i/teamlogos/ncaa/500/2579.png,https://a.espncdn.com/i/teamlogos/ncaa/500-dark/2579.png
430,South Carolina State Bulldogs,SC State,Bulldogs,SCST,South Carolina State,south-carolina-state-bulldogs,7d1315,https://a.espncdn.com/i/teamlogos/ncaa/500/2569.png,https://a.espncdn.com/i/teamlogos/ncaa/500-dark/2569.png
453,South Carolina Upstate Spartans,SC Upstate,Spartans,UPST,South Carolina Upstate,south-carolina-upstate-spartans,006e3a,https://a.espncdn.com/i/teamlogos/ncaa/500/2908.png,https://a.espncdn.com/i/teamlogos/ncaa/500-dark/2908.png
431,South Dakota Coyotes,South Dakota,Coyotes,SDAK,South Dakota,south-dakota-coyotes,d11346,https://a.espncdn.com/i/teamlogos/ncaa/500/233.png,https://a.espncdn.com/i/teamlogos/ncaa/500-dark/233.png
301,South Dakota State Jackrabbits,S Dakota St,Jackrabbits,SDST,South Dakota State,south-dakota-state-jackrabbits,000000,https://a.espncdn.com/i/teamlogos/ncaa/500/2571.png,https://a.espncdn.com/i/teamlogos/ncaa/500-dark/2571.png
76,South Florida Bulls,South Florida,Bulls,USF,South Florida,south-florida-bulls,004231,https://a.espncdn.com/i/teamlogos/ncaa/500/58.png,https://a.espncdn.com/i/teamlogos/ncaa/500-dark/58.png
191,Southeast Missouri State Redhawks,SE Missouri,Redhawks,SEMO,Southeast Missouri State,southeast-missouri-state-redhawks,CC0000,https://a.espncdn.com/i/teamlogos/ncaa/500/2546.png,https://a.espncdn.com/i/teamlogos/ncaa/500-dark/2546.png
432,Southern Illinois Salukis,S Illinois,Salukis,SIU,Southern Illinois,southern-illinois-salukis,85283D,https://a.espncdn.com/i/teamlogos/ncaa/500/79.png,https://a.espncdn.com/i/teamlogos/ncaa/500-dark/79.png
1246,Southern Indiana Screaming Eagles,So Indiana,Screaming Eagles,USI,Southern Indiana,southern-indiana-screaming-eagles,,https://a.espncdn.com/i/teamlogos/ncaa/500/88.png,https://a.espncdn.com/i/teamlogos/ncaa/500-dark/88.png
194,Southern Jaguars,Southern,Jaguars,SOU,Southern,southern-jaguars,291B4C,https://a.espncdn.com/i/teamlogos/ncaa/500/2582.png,https://a.espncdn.com/i/teamlogos/ncaa/500-dark/2582.png
192,Southern Miss Golden Eagles,Southern Miss,Golden Eagles,USM,Southern Miss,southern-miss-golden-eagles,FFAA3C,https://a.espncdn.com/i/teamlogos/ncaa/500/2572.png,https://a.espncdn.com/i/teamlogos/ncaa/500-dark/2572.png
434,Southern Utah Thunderbirds,Southern Utah,Thunderbirds,SUU,Southern Utah,southern-utah-thunderbirds,d10000,https://a.espncdn.com/i/teamlogos/ncaa/500/253.png,https://a.espncdn.com/i/teamlogos/ncaa/500-dark/253.png
1273,Spartans,UNIVTAMPA,Spartans,TAM,,spartans,,,
105,St. Bonaventure Bonnies,St Bonaventure,Bonnies,SBU,St. Bonaventure,st-bonaventure-bonnies,712A1B,https://a.espncdn.com/i/teamlogos/ncaa/500/179.png,https://a.espncdn.com/i/teamlogos/ncaa/500-dark/179.png
435,St. Francis (BKN) Terriers,St Francis BK,Terriers,SFBK,St. Francis (BKN),st-francis-bkn-terriers,00158c,https://a.espncdn.com/i/teamlogos/ncaa/500/2597.png,https://a.espncdn.com/i/teamlogos/ncaa/500-dark/2597.png
843,St. Gregory Cavaliers,St Gregorys,Cavaliers,STGR,St. Gregory,st-gregory-cavaliers,,,
195,St. John's Red Storm,St John's,Red Storm,SJU,St. John's,st-johns-red-storm,E24552,https://a.espncdn.com/i/teamlogos/ncaa/500/2599.png,https://a.espncdn.com/i/teamlogos/ncaa/500-dark/2599.png
844,St. Martins Saints,STMARTINS,Saints,SM,St. Martins,st-martins-saints,,,
1287,St. Olaf Oles,St. Olaf,Oles,ST.,St. Olaf,st-olaf-oles,,https://a.espncdn.com/i/teamlogos/ncaa/500/133.png,https://a.espncdn.com/i/teamlogos/ncaa/500-dark/133.png
850,St. Thomas-Minnesota Tommies,St Thomas (MN),Tommies,STMN,St. Thomas-Minnesota,st-thomas-minnesota-tommies,,https://a.espncdn.com/i/teamlogos/ncaa/500/2900.png,https://a.espncdn.com/i/teamlogos/ncaa/500-dark/2900.png
64,Stanford Cardinal,Stanford,Cardinal,STAN,Stanford,stanford-cardinal,B72931,https://a.espncdn.com/i/teamlogos/ncaa/500/24.png,https://a.espncdn.com/i/teamlogos/ncaa/500-dark/24.png
438,Stephen F. Austin Lumberjacks,SF Austin,Lumberjacks,SFA,Stephen F. Austin,stephen-f-austin-lumberjacks,230d3c,https://a.espncdn.com/i/teamlogos/ncaa/500/2617.png,https://a.espncdn.com/i/teamlogos/ncaa/500-dark/2617.png
74,Stetson Hatters,Stetson,Hatters,STET,Stetson,stetson-hatters,18581C,https://a.espncdn.com/i/teamlogos/ncaa/500/56.png,https://a.espncdn.com/i/teamlogos/ncaa/500-dark/56.png
1245,Stonehill Skyhawks,Stonehill,Skyhawks,STO,Stonehill,stonehill-skyhawks,300A48,https://a.espncdn.com/i/teamlogos/ncaa/500/284.png,https://a.espncdn.com/i/teamlogos/ncaa/500-dark/284.png
196,Stony Brook Seawolves,Stony Brook,Seawolves,STBK,Stony Brook,stony-brook-seawolves,003559,https://a.espncdn.com/i/teamlogos/ncaa/500/2619.png,https://a.espncdn.com/i/teamlogos/ncaa/500-dark/2619.png
439,Syracuse Orange,Syracuse,Orange,SYR,Syracuse,syracuse-orange,1A3E86,https://a.espncdn.com/i/teamlogos/ncaa/500/183.png,https://a.espncdn.com/i/teamlogos/ncaa/500-dark/183.png
1153,TBD,TBD,TBD,,TBD,tbd,,,
1154,TBD,TBD,TBD,TBD,TBD,tbd,,,
198,TCU Horned Frogs,TCU,Horned Frogs,TCU,TCU,tcu-horned-frogs,201852,https://a.espncdn.com/i/teamlogos/ncaa/500/2628.png,https://a.espncdn.com/i/teamlogos/ncaa/500-dark/2628.png
845,Tabor,TABOR,Tabor,TAB,Tabor,tabor,,,
1145,Tarleton State Texans,Tarleton St,Texans,TAR,Tarleton State,tarleton-state-texans,,https://a.espncdn.com/i/teamlogos/ncaa/500/2627.png,https://a.espncdn.com/i/teamlogos/ncaa/500-dark/2627.png
114,Temple Owls,Temple,Owls,TEM,Temple,temple-owls,BC0138,https://a.espncdn.com/i/teamlogos/ncaa/500/218.png,https://a.espncdn.com/i/teamlogos/ncaa/500-dark/218.png
440,Tennessee State Tigers,Tennessee St,Tigers,TNST,Tennessee State,tennessee-state-tigers,21398c,https://a.espncdn.com/i/teamlogos/ncaa/500/2634.png,https://a.espncdn.com/i/teamlogos/ncaa/500-dark/2634.png
441,Tennessee Tech Golden Eagles,Tennessee Tech,Golden Eagles,TNTC,Tennessee Tech,tennessee-tech-golden-eagles,440e62,https://a.espncdn.com/i/teamlogos/ncaa/500/2635.png,https://a.espncdn.com/i/teamlogos/ncaa/500-dark/2635.png
199,Tennessee Volunteers,Tennessee,Volunteers,TENN,Tennessee,tennessee-volunteers,EE9627,https://a.espncdn.com/i/teamlogos/ncaa/500/2633.png,https://a.espncdn.com/i/teamlogos/ncaa/500-dark/2633.png
123,Texas A&M Aggies,Texas A&M,Aggies,TA&M,Texas A&M,texas-am-aggies,6A3333,https://a.espncdn.com/i/teamlogos/ncaa/500/245.png,https://a.espncdn.com/i/teamlogos/ncaa/500-dark/245.png
443,Texas A&M-Corpus Christi Islanders,Texas A&M-CC,Islanders,AMCC,Texas A&M-Corpus Christi,texas-am-corpus-christi-islanders,00639c,https://a.espncdn.com/i/teamlogos/ncaa/500/357.png,https://a.espncdn.com/i/teamlogos/ncaa/500-dark/357.png
126,Texas Longhorns,Texas,Longhorns,TEX,Texas,texas-longhorns,EF7321,https://a.espncdn.com/i/teamlogos/ncaa/500/251.png,https://a.espncdn.com/i/teamlogos/ncaa/500-dark/251.png
846,Texas Lutheran Bulldogs,Texas Lutheran,Bulldogs,TL,Texas Lutheran,texas-lutheran-bulldogs,,https://a.espncdn.com/i/teamlogos/ncaa/500/2639.png,https://a.espncdn.com/i/teamlogos/ncaa/500-dark/2639.png
200,Texas Southern Tigers,Texas Southern,Tigers,TXSO,Texas Southern,texas-southern-tigers,680100,https://a.espncdn.com/i/teamlogos/ncaa/500/2640.png,https://a.espncdn.com/i/teamlogos/ncaa/500-dark/2640.png
147,Texas State Bobcats,Texas St,Bobcats,TXST,Texas State,texas-state-bobcats,94314A,https://a.espncdn.com/i/teamlogos/ncaa/500/326.png,https://a.espncdn.com/i/teamlogos/ncaa/500-dark/326.png
201,Texas Tech Red Raiders,Texas Tech,Red Raiders,TTU,Texas Tech,texas-tech-red-raiders,D60039,https://a.espncdn.com/i/teamlogos/ncaa/500/2641.png,https://a.espncdn.com/i/teamlogos/ncaa/500-dark/2641.png
444,Texas-Pan American Broncs,TX-Pan American,Broncs,UTPA,Texas-Pan American,texas-pan-american-broncs,dc6000,https://a.espncdn.com/i/teamlogos/ncaa/500/292.png,https://a.espncdn.com/i/teamlogos/ncaa/500-dark/292.png
202,The Citadel Bulldogs,The Citadel,Bulldogs,CIT,The Citadel,the-citadel-bulldogs,000000,https://a.espncdn.com/i/teamlogos/ncaa/500/2643.png,https://a.espncdn.com/i/teamlogos/ncaa/500-dark/2643.png
445,Toledo Rockets,Toledo,Rockets,TOL,Toledo,toledo-rockets,00275D,https://a.espncdn.com/i/teamlogos/ncaa/500/2649.png,https://a.espncdn.com/i/teamlogos/ncaa/500-dark/2649.png
305,Towson Tigers,Towson,Tigers,TOW,Towson,towson-tigers,000000,https://a.espncdn.com/i/teamlogos/ncaa/500/119.png,https://a.espncdn.com/i/teamlogos/ncaa/500-dark/119.png
269,Troy Trojans,Troy,Trojans,TROY,Troy,troy-trojans,843131,https://a.espncdn.com/i/teamlogos/ncaa/500/2653.png,https://a.espncdn.com/i/teamlogos/ncaa/500-dark/2653.png
924,Truman State Bulldogs,Truman St,Bulldogs,TRST,Truman State,truman-state-bulldogs,,https://a.espncdn.com/i/teamlogos/ncaa/500/2654.png,https://a.espncdn.com/i/teamlogos/ncaa/500-dark/2654.png
203,Tulane Green Wave,Tulane,Green Wave,TULN,Tulane,tulane-green-wave,084A38,https://a.espncdn.com/i/teamlogos/ncaa/500/2655.png,https://a.espncdn.com/i/teamlogos/ncaa/500-dark/2655.png
446,Tulsa Golden Hurricane,Tulsa,Golden Hurricane,TLSA,Tulsa,tulsa-golden-hurricane,004273,https://a.espncdn.com/i/teamlogos/ncaa/500/202.png,https://a.espncdn.com/i/teamlogos/ncaa/500-dark/202.png
447,UAB Blazers,UAB,Blazers,UAB,UAB,uab-blazers,000000,https://a.espncdn.com/i/teamlogos/ncaa/500/5.png,https://a.espncdn.com/i/teamlogos/ncaa/500-dark/5.png
154,UAlbany Great Danes,UAlbany,Great Danes,ALB,UAlbany,ualbany-great-danes,56438E,https://a.espncdn.com/i/teamlogos/ncaa/500/399.png,https://a.espncdn.com/i/teamlogos/ncaa/500-dark/399.png
448,UC Davis Aggies,UC Davis,Aggies,UCD,UC Davis,uc-davis-aggies,103670,https://a.espncdn.com/i/teamlogos/ncaa/500/302.png,https://a.espncdn.com/i/teamlogos/ncaa/500-dark/302.png
142,UC Irvine Anteaters,UC Irvine,Anteaters,UCI,UC Irvine,uc-irvine-anteaters,00108C,https://a.espncdn.com/i/teamlogos/ncaa/500/300.png,https://a.espncdn.com/i/teamlogos/ncaa/500-dark/300.png
67,UC Riverside Highlanders,UC Riverside,Highlanders,UCR,UC Riverside,uc-riverside-highlanders,13214E,https://a.espncdn.com/i/teamlogos/ncaa/500/27.png,https://a.espncdn.com/i/teamlogos/ncaa/500-dark/27.png
1147,UC San Diego Tritons,UC San Diego,Tritons,UCSD,UC San Diego,uc-san-diego-tritons,,https://a.espncdn.com/i/teamlogos/ncaa/500/28.png,https://a.espncdn.com/i/teamlogos/ncaa/500-dark/28.png
290,UC Santa Barbara Gauchos,Santa Barbara,Gauchos,UCSB,UC Santa Barbara,uc-santa-barbara-gauchos,000000,https://a.espncdn.com/i/teamlogos/ncaa/500/2540.png,https://a.espncdn.com/i/teamlogos/ncaa/500-dark/2540.png
160,UCF Knights,UCF,Knights,UCF,UCF,ucf-knights,000000,https://a.espncdn.com/i/teamlogos/ncaa/500/2116.png,https://a.espncdn.com/i/teamlogos/ncaa/500-dark/2116.png
66,UCLA Bruins,UCLA,Bruins,UCLA,UCLA,ucla-bruins,005A94,https://a.espncdn.com/i/teamlogos/ncaa/500/26.png,https://a.espncdn.com/i/teamlogos/ncaa/500-dark/26.png
69,UConn Huskies,UConn,Huskies,CONN,UConn,uconn-huskies,0A1E5B,https://a.espncdn.com/i/teamlogos/ncaa/500/41.png,https://a.espncdn.com/i/teamlogos/ncaa/500-dark/41.png
80,UIC Flames,UIC,Flames,UIC,UIC,uic-flames,234077,https://a.espncdn.com/i/teamlogos/ncaa/500/82.png,https://a.espncdn.com/i/teamlogos/ncaa/500-dark/82.png
272,UL Monroe Warhawks,UL Monroe,Warhawks,ULM,UL Monroe,ul-monroe-warhawks,98012e,https://a.espncdn.com/i/teamlogos/ncaa/500/2433.png,https://a.espncdn.com/i/teamlogos/ncaa/500-dark/2433.png
450,UMBC Retrievers,UMBC,Retrievers,UMBC,UMBC,umbc-retrievers,000000,https://a.espncdn.com/i/teamlogos/ncaa/500/2378.png,https://a.espncdn.com/i/teamlogos/ncaa/500-dark/2378.png
449,UMass Lowell River Hawks,UMass Lowell,River Hawks,UML,UMass Lowell,umass-lowell-river-hawks,,https://a.espncdn.com/i/teamlogos/ncaa/500/2349.png,https://a.espncdn.com/i/teamlogos/ncaa/500-dark/2349.png
452,UNC Asheville Bulldogs,UNC Asheville,Bulldogs,UNCA,UNC Asheville,unc-asheville-bulldogs,092575,https://a.espncdn.com/i/teamlogos/ncaa/500/2427.png,https://a.espncdn.com/i/teamlogos/ncaa/500-dark/2427.png
181,UNC Greensboro Spartans,UNC Greensboro,Spartans,UNCG,UNC Greensboro,unc-greensboro-spartans,21467B,https://a.espncdn.com/i/teamlogos/ncaa/500/2430.png,https://a.espncdn.com/i/teamlogos/ncaa/500-dark/2430.png
152,UNC Wilmington Seahawks,UNC Wilmington,Seahawks,UNCW,UNC Wilmington,unc-wilmington-seahawks,1D2F68,https://a.espncdn.com/i/teamlogos/ncaa/500/350.png,https://a.espncdn.com/i/teamlogos/ncaa/500-dark/350.png
182,UNLV Rebels,UNLV,Rebels,UNLV,UNLV,unlv-rebels,000000,https://a.espncdn.com/i/teamlogos/ncaa/500/2439.png,https://a.espncdn.com/i/teamlogos/ncaa/500-dark/2439.png
68,USC Trojans,USC,Trojans,USC,USC,usc-trojans,A50010,https://a.espncdn.com/i/teamlogos/ncaa/500/30.png,https://a.espncdn.com/i/teamlogos/ncaa/500-dark/30.png
125,UT Arlington Mavericks,UT Arlington,Mavericks,UTA,UT Arlington,ut-arlington-mavericks,004B7C,https://a.espncdn.com/i/teamlogos/ncaa/500/250.png,https://a.espncdn.com/i/teamlogos/ncaa/500-dark/250.png
442,UT Martin Skyhawks,UT Martin,Skyhawks,UTM,UT Martin,ut-martin-skyhawks,000099,https://a.espncdn.com/i/teamlogos/ncaa/500/2630.png,https://a.espncdn.com/i/teamlogos/ncaa/500-dark/2630.png
932,UT Rio Grande Valley Vaqueros,UT Rio Grande,Vaqueros,RGV,UT Rio Grande Valley,ut-rio-grande-valley-vaqueros,,https://a.espncdn.com/i/teamlogos/ncaa/500/292.png,https://a.espncdn.com/i/teamlogos/ncaa/500-dark/292.png
456,UTEP Miners,UTEP,Miners,UTEP,UTEP,utep-miners,ff7339,https://a.espncdn.com/i/teamlogos/ncaa/500/2638.png,https://a.espncdn.com/i/teamlogos/ncaa/500-dark/2638.png
297,UTSA Roadrunners,UTSA,Roadrunners,UTSA,UTSA,utsa-roadrunners,000000,https://a.espncdn.com/i/teamlogos/ncaa/500/2636.png,https://a.espncdn.com/i/teamlogos/ncaa/500-dark/2636.png
1239,Upper Iowa Peacocks,Upper Iowa,Peacocks,UPP,Upper Iowa,upper-iowa-peacocks,,https://a.espncdn.com/i/teamlogos/ncaa/500/389.png,https://a.espncdn.com/i/teamlogos/ncaa/500-dark/389.png
454,Utah State Aggies,Utah State,Aggies,USU,Utah State,utah-state-aggies,020767,https://a.espncdn.com/i/teamlogos/ncaa/500/328.png,https://a.espncdn.com/i/teamlogos/ncaa/500-dark/328.png
1146,Utah Tech Trailblazers,Utah Tech,Trailblazers,UTU,Utah Tech,utah-tech-trailblazers,,https://a.espncdn.com/i/teamlogos/ncaa/500/3101.png,https://a.espncdn.com/i/teamlogos/ncaa/500-dark/3101.png
128,Utah Utes,Utah,Utes,UTAH,Utah,utah-utes,CE4242,https://a.espncdn.com/i/teamlogos/ncaa/500/254.png,https://a.espncdn.com/i/teamlogos/ncaa/500-dark/254.png
455,Utah Valley Wolverines,Utah Valley,Wolverines,UVU,Utah Valley,utah-valley-wolverines,702d07,https://a.espncdn.com/i/teamlogos/ncaa/500/3084.png,https://a.espncdn.com/i/teamlogos/ncaa/500-dark/3084.png
851,VALDOSTA Blazers,VALDOSTA,Blazers,VAL,VALDOSTA,valdosta-blazers,,https://a.espncdn.com/i/teamlogos/ncaa/500/2673.png,https://a.espncdn.com/i/teamlogos/ncaa/500-dark/2673.png
204,VCU Rams,VCU,Rams,VCU,VCU,vcu-rams,929292,https://a.espncdn.com/i/teamlogos/ncaa/500/2670.png,https://a.espncdn.com/i/teamlogos/ncaa/500-dark/2670.png
459,VMI Keydets,VMI,Keydets,VMI,VMI,vmi-keydets,000000,https://a.espncdn.com/i/teamlogos/ncaa/500/2678.png,https://a.espncdn.com/i/teamlogos/ncaa/500-dark/2678.png
302,Valparaiso Beacons,Valparaiso,Beacons,VAL,Valparaiso,valparaiso-beacons,000000,https://a.espncdn.com/i/teamlogos/ncaa/500/2674.png,https://a.espncdn.com/i/teamlogos/ncaa/500-dark/2674.png
120,Vanderbilt Commodores,Vanderbilt,Commodores,VAN,Vanderbilt,vanderbilt-commodores,000000,https://a.espncdn.com/i/teamlogos/ncaa/500/238.png,https://a.espncdn.com/i/teamlogos/ncaa/500-dark/238.png
457,Vermont Catamounts,Vermont,Catamounts,UVM,Vermont,vermont-catamounts,204631,https://a.espncdn.com/i/teamlogos/ncaa/500/261.png,https://a.espncdn.com/i/teamlogos/ncaa/500-dark/261.png
458,Villanova Wildcats,Villanova,Wildcats,VILL,Villanova,villanova-wildcats,006699,https://a.espncdn.com/i/teamlogos/ncaa/500/222.png,https://a.espncdn.com/i/teamlogos/ncaa/500-dark/222.png
131,Virginia Cavaliers,Virginia,Cavaliers,UVA,Virginia,virginia-cavaliers,000066,https://a.espncdn.com/i/teamlogos/ncaa/500/258.png,https://a.espncdn.com/i/teamlogos/ncaa/500-dark/258.png
132,Virginia Tech Hokies,Virginia Tech,Hokies,VT,Virginia Tech,virginia-tech-hokies,7B2129,https://a.espncdn.com/i/teamlogos/ncaa/500/259.png,https://a.espncdn.com/i/teamlogos/ncaa/500-dark/259.png
460,Wagner Seahawks,Wagner,Seahawks,WAG,Wagner,wagner-seahawks,003e22,https://a.espncdn.com/i/teamlogos/ncaa/500/2681.png,https://a.espncdn.com/i/teamlogos/ncaa/500-dark/2681.png
97,Wake Forest Demon Deacons,Wake Forest,Demon Deacons,WAKE,Wake Forest,wake-forest-demon-deacons,000000,https://a.espncdn.com/i/teamlogos/ncaa/500/154.png,https://a.espncdn.com/i/teamlogos/ncaa/500-dark/154.png
129756,Wartburg Knights,Wartburg,Knights,WAR,Wartburg,wartburg-knights,,https://a.espncdn.com/i/teamlogos/ncaa/500/2685.png,https://a.espncdn.com/i/teamlogos/ncaa/500-dark/2685.png
133,Washington Huskies,Washington,Huskies,WASH,Washington,washington-huskies,3E3468,https://a.espncdn.com/i/teamlogos/ncaa/500/264.png,https://a.espncdn.com/i/teamlogos/ncaa/500-dark/264.png
134,Washington State Cougars,Washington St,Cougars,WSU,Washington State,washington-state-cougars,94022A,https://a.espncdn.com/i/teamlogos/ncaa/500/265.png,https://a.espncdn.com/i/teamlogos/ncaa/500-dark/265.png
852,Wayne State (NE) Wildcats,WAYNESTNE,Wildcats,WAY,Wayne State (NE),wayne-state-ne-wildcats,,https://a.espncdn.com/i/teamlogos/ncaa/500/2844.png,https://a.espncdn.com/i/teamlogos/ncaa/500-dark/2844.png
461,Weber State Wildcats,Weber St,Wildcats,WEB,Weber State,weber-state-wildcats,18005a,https://a.espncdn.com/i/teamlogos/ncaa/500/2692.png,https://a.espncdn.com/i/teamlogos/ncaa/500-dark/2692.png
129699,West Georgia Wolves,West Georgia,Wolves,WES,West Georgia,west-georgia-wolves,,https://a.espncdn.com/i/teamlogos/ncaa/500/2698.png,https://a.espncdn.com/i/teamlogos/ncaa/500-dark/2698.png
136,West Virginia Mountaineers,West Virginia,Mountaineers,WVU,West Virginia,west-virginia-mountaineers,395AB5,https://a.espncdn.com/i/teamlogos/ncaa/500/277.png,https://a.espncdn.com/i/teamlogos/ncaa/500-dark/277.png
205,Western Carolina Catamounts,W Carolina,Catamounts,WCU,Western Carolina,western-carolina-catamounts,6E268B,https://a.espncdn.com/i/teamlogos/ncaa/500/2717.png,https://a.espncdn.com/i/teamlogos/ncaa/500-dark/2717.png
462,Western Illinois Leathernecks,W Illinois,Leathernecks,WIU,Western Illinois,western-illinois-leathernecks,4e1e8a,https://a.espncdn.com/i/teamlogos/ncaa/500/2710.png,https://a.espncdn.com/i/teamlogos/ncaa/500-dark/2710.png
84,Western Kentucky Hilltoppers,Western KY,Hilltoppers,WKU,Western Kentucky,western-kentucky-hilltoppers,000000,https://a.espncdn.com/i/teamlogos/ncaa/500/98.png,https://a.espncdn.com/i/teamlogos/ncaa/500-dark/98.png
463,Western Michigan Broncos,W Michigan,Broncos,WMU,Western Michigan,western-michigan-broncos,825229,https://a.espncdn.com/i/teamlogos/ncaa/500/2711.png,https://a.espncdn.com/i/teamlogos/ncaa/500-dark/2711.png
206,Wichita State Shockers,Wichita St,Shockers,WICH,Wichita State,wichita-state-shockers,0D0A03,https://a.espncdn.com/i/teamlogos/ncaa/500/2724.png,https://a.espncdn.com/i/teamlogos/ncaa/500-dark/2724.png
289,William & Mary Tribe,William & Mary,Tribe,W&M,William & Mary,william-mary-tribe,000000,https://a.espncdn.com/i/teamlogos/ncaa/500/2729.png,https://a.espncdn.com/i/teamlogos/ncaa/500-dark/2729.png
853,William Woods,WILLIAMWDS,William Woods,WIL,William Woods,william-woods,,,
207,Winthrop Eagles,Winthrop,Eagles,WIN,Winthrop,winthrop-eagles,9E0B0E,https://a.espncdn.com/i/teamlogos/ncaa/500/2737.png,https://a.espncdn.com/i/teamlogos/ncaa/500-dark/2737.png
464,Wisconsin Badgers,Wisconsin,Badgers,WIS,Wisconsin,wisconsin-badgers,c32122,https://a.espncdn.com/i/teamlogos/ncaa/500/275.png,https://a.espncdn.com/i/teamlogos/ncaa/500-dark/275.png
208,Wofford Terriers,Wofford,Terriers,WOF,Wofford,wofford-terriers,000000,https://a.espncdn.com/i/teamlogos/ncaa/500/2747.png,https://a.espncdn.com/i/teamlogos/ncaa/500-dark/2747.png
270,Wright State Raiders,Wright St,Raiders,WRST,Wright State,wright-state-raiders,A36209,https://a.espncdn.com/i/teamlogos/ncaa/500/2750.png,https://a.espncdn.com/i/teamlogos/ncaa/500-dark/2750.png
465,Wyoming Cowboys,Wyoming,Cowboys,WYO,Wyoming,wyoming-cowboys,523921,https://a.espncdn.com/i/teamlogos/ncaa/500/2751.png,https://a.espncdn.com/i/teamlogos/ncaa/500-dark/2751.png
312,Xavier Musketeers,Xavier,Musketeers,XAV,Xavier,xavier-musketeers,,https://a.espncdn.com/i/teamlogos/ncaa/500/2752.png,https://a.espncdn.com/i/teamlogos/ncaa/500-dark/2752.png
466,Yale Bulldogs,Yale,Bulldogs,YALE,Yale,yale-bulldogs,004a81,https://a.espncdn.com/i/teamlogos/ncaa/500/43.png,https://a.espncdn.com/i/teamlogos/ncaa/500-dark/43.png
209,Youngstown State Penguins,Youngstown St,Penguins,YSU,Youngstown State,youngstown-state-penguins,961F22,https://a.espncdn.com/i/teamlogos/ncaa/500/2754.png,https://a.espncdn.com/i/teamlogos/ncaa/500-dark/2754.png
